p,x,y,j,c
460-00-705639-193,114.97088,30.09801,C1,1
460-00-120041-65,114.970711,30.107355,C1,1
460-00-119828-66,114.973897,30.100875,C1,1
460-00-119868-64,114.972832,30.104997,C1,1
460-00-119853-66,114.975941,30.096287,C1,1
460-00-119856-66,114.971601,30.09001,C1,1
460-00-119868-65,114.972832,30.104997,C1,1
460-00-458646-5,111.285808,30.707823,C10,1
460-00-575028-65,111.294406,30.689368,C10,1
460-00-122065-64,111.30315,30.688606,C10,1
460-00-574494-66,111.300644,30.736712,C10,1
460-00-574966-66,111.32817,30.78063,C10,1
460-00-575071-64,111.337464,30.784865,C10,1
460-00-574879-66,111.343925,30.79376,C10,1
460-00-719747-65,111.30064,30.68602,C10,1
460-00-457816-1,111.28352,30.69428,C10,1
460-00-122180-71,111.364395,30.652811,C10,1
460-00-570796-76,111.302826,30.682901,C10,1
460-00-457663-5,111.28151,30.71713,C10,1
460-00-574714-64,111.35331,30.800402,C10,1
460-00-574925-65,111.287649,30.726511,C10,1
460-00-570494-66,111.31118,30.70681,C10,1
460-00-457802-10,111.30913,30.72397,C10,1
460-00-911232-130,111.360596,30.80886,C10,1
460-00-719674-66,111.295222,30.712825,C10,1
460-00-458646-1,111.285808,30.707823,C10,1
460-00-458693-2,111.285707,30.709373,C10,1
460-00-457990-2,111.35864,30.64692,C10,1
460-00-719920-72,111.36168,30.642351,C10,1
460-00-987971-131,111.360901,30.64613,C10,1
460-00-574882-66,111.36053,30.80314,C10,1
460-00-457657-10,111.28403,30.708937,C10,1
460-00-574922-64,111.279467,30.706137,C10,1
460-00-575098-65,111.356731,30.643819,C10,1
460-00-570494-68,111.31118,30.70681,C10,1
460-00-571385-92,111.34531,30.76219,C10,1
460-00-458332-3,111.31468,30.77657,C10,1
460-00-987691-133,111.30466,30.682713,C10,1
460-00-575011-71,111.360825,30.646143,C10,1
460-00-574963-64,111.31297,30.76924,C10,1
460-00-574529-64,111.356125,30.791553,C10,1
460-00-910759-140,111.28617,30.709188,C10,1
460-00-987211-148,111.30829,30.693588,C10,1
460-00-570963-68,111.30245,30.706331,C10,1
460-00-570518-68,111.29058,30.70564,C10,1
460-00-911007-131,111.36044,30.64984,C10,1
460-00-719825-66,111.29425,30.713295,C10,1
460-00-575056-71,111.35662,30.645796,C10,1
460-00-571384-75,111.34531,30.76219,C10,1
460-00-574714-65,111.35331,30.800402,C10,1
460-00-575056-65,111.356629,30.645913,C10,1
460-00-571121-66,111.312462,30.71036,C10,1
460-00-570892-65,111.293236,30.763727,C10,1
460-00-571385-66,111.34531,30.76219,C10,1
460-00-570796-73,111.30374,30.682938,C10,1
460-00-574991-65,111.344524,30.641205,C10,1
460-00-910917-131,111.36626,30.64428,C10,1
460-00-574948-65,111.300018,30.70054,C10,1
460-00-575027-65,111.312395,30.690503,C10,1
460-00-574873-65,111.36378,30.79509,C10,1
460-00-300620-133,111.35912,30.80035,C10,1
460-00-574873-64,111.36378,30.79509,C10,1
460-00-570675-67,111.37121,30.804173,C10,1
460-00-574905-65,111.35112,30.648891,C10,1
460-00-457895-2,111.300091,30.700421,C10,1
460-00-575098-66,111.356731,30.643819,C10,1
460-00-575025-64,111.347128,30.645778,C10,1
460-00-571288-67,111.36391,30.795195,C10,1
460-00-642601-3,111.302151,30.682594,C10,1
460-00-457756-3,111.312081,30.729921,C10,1
460-00-574970-64,111.288011,30.702441,C10,1
460-00-574771-64,111.352195,30.789879,C10,1
460-00-574879-65,111.343925,30.79376,C10,1
460-00-719693-70,111.32157,30.669252,C10,1
460-00-574966-65,111.32817,30.78063,C10,1
460-00-571043-65,111.30647,30.710396,C10,1
460-00-574771-65,111.352857,30.789732,C10,1
460-00-457744-15,111.286601,30.706701,C10,1
460-00-575064-65,111.299786,30.686829,C10,1
460-00-458646-3,111.285808,30.707823,C10,1
460-00-987604-129,111.29995,30.72989,C10,1
460-00-300791-130,111.29539,30.77244,C10,1
460-00-574529-65,111.356125,30.791553,C10,1
460-00-719713-65,111.37168,30.80981,C10,1
460-00-719721-66,111.36102,30.797367,C10,1
460-00-987927-129,111.335991,30.674728,C10,1
460-00-574890-64,111.340065,30.785706,C10,1
460-00-570893-65,111.293365,30.763758,C10,1
460-00-571291-68,111.36095,30.797298,C10,1
460-00-910856-129,111.33241,30.71195,C10,1
460-00-574667-65,111.355408,30.656672,C10,1
460-00-910917-129,111.36633,30.64425,C10,1
460-00-719722-64,111.363655,30.800993,C10,1
460-00-574873-66,111.36378,30.79509,C10,1
460-00-574678-64,111.354469,30.638512,C10,1
460-00-458693-3,111.285707,30.709373,C10,1
460-00-571288-66,111.36387,30.795101,C10,1
460-00-574927-71,111.27289,30.707348,C10,1
460-00-911007-130,111.36046,30.64983,C10,1
460-00-458693-6,111.285277,30.708888,C10,1
460-00-574873-105,111.36385,30.79507,C10,1
460-00-574529-104,111.356141,30.791881,C10,1
460-00-574873-104,111.36385,30.79507,C10,1
460-00-719721-105,111.360649,30.797264,C10,1
460-00-574771-104,111.352776,30.78975,C10,1
460-00-719722-106,111.363709,30.800896,C10,1
460-00-574873-106,111.36388,30.79507,C10,1
460-00-719721-104,111.360649,30.797264,C10,1
460-00-574744-66,111.349754,30.78079,C10,1
460-00-570796-71,111.30072,30.684534,C10,1
460-00-122173-71,111.30425,30.68748,C10,1
460-00-574908-66,111.305389,30.764201,C10,1
460-00-457915-3,111.35238,30.646073,C10,1
460-00-642746-3,111.301119,30.701826,C10,1
460-00-458723-1,111.33982,30.73877,C10,1
460-00-574529-66,111.356125,30.791553,C10,1
460-00-575063-66,111.32634,30.680258,C10,1
460-00-719806-70,111.303208,30.680757,C10,1
460-00-910701-131,111.36732,30.79932,C10,1
460-00-575052-64,111.291942,30.694398,C10,1
460-00-574518-64,111.306114,30.757635,C10,1
460-00-574630-66,111.360291,30.649811,C10,1
460-00-570625-65,111.30262,30.68393,C10,1
460-00-574905-64,111.35111,30.648863,C10,1
460-00-575034-66,111.332417,30.711722,C10,1
460-00-457707-1,111.359311,30.632471,C10,1
460-00-574711-64,111.369522,30.788511,C10,1
460-00-457657-1,111.283261,30.705211,C10,1
460-00-457893-3,111.361731,30.642351,C10,1
460-00-570785-65,111.276886,30.708971,C10,1
460-00-457744-14,111.286601,30.706701,C10,1
460-00-574893-64,111.34824,30.794233,C10,1
460-00-911293-129,111.31238,30.764807,C10,1
460-00-987971-130,111.360901,30.64613,C10,1
460-00-571288-65,111.363846,30.795115,C10,1
460-00-300620-129,111.35913,30.80029,C10,1
460-00-122087-64,111.352463,30.646172,C10,1
460-00-457895-1,111.300091,30.700421,C10,1
460-00-458649-7,111.291519,30.702537,C10,1
460-00-457832-6,111.32155,30.71989,C10,1
460-00-719722-65,111.36357,30.801006,C10,1
460-00-987210-142,111.304985,30.696495,C10,1
460-00-574813-64,111.347401,30.65055,C10,1
460-00-457800-1,111.356641,30.645771,C10,1
460-00-988109-129,111.34058,30.652105,C10,1
460-00-987408-135,111.30259,30.704622,C10,1
460-00-574714-66,111.35331,30.800402,C10,1
460-00-574631-65,111.364319,30.652731,C10,1
460-00-300620-132,111.35912,30.80035,C10,1
460-00-575071-65,111.337464,30.784865,C10,1
460-00-575098-64,111.356731,30.643819,C10,1
460-00-575011-64,111.360906,30.646232,C10,1
460-00-457657-13,111.283261,30.705211,C10,1
460-00-574767-65,111.342918,30.741823,C10,1
460-00-122087-66,111.352463,30.646172,C10,1
460-00-575056-64,111.356629,30.645913,C10,1
460-00-910856-131,111.33241,30.71195,C10,1
460-00-570518-69,111.29058,30.70564,C10,1
460-00-570796-72,111.29996,30.685179,C10,1
460-00-574725-65,111.368324,30.81225,C10,1
460-00-574891-65,111.36054,30.80903,C10,1
460-00-574879-64,111.34397,30.793736,C10,1
460-00-300651-129,111.30315,30.68081,C10,1
460-00-575064-64,111.299786,30.686829,C10,1
460-00-910759-132,111.28617,30.709188,C10,1
460-00-574631-66,111.364319,30.652731,C10,1
460-00-122252-72,111.31951,30.674828,C10,1
460-00-122087-65,111.352463,30.646172,C10,1
460-00-571066-67,111.301101,30.701756,C10,1
460-00-574630-65,111.360291,30.649811,C10,1
460-00-574856-65,111.35212,30.666313,C10,1
460-00-570798-65,111.31738,30.72612,C10,1
460-00-458646-2,111.285808,30.707823,C10,1
460-00-910760-131,111.28617,30.709188,C10,1
460-00-570796-75,111.302826,30.682901,C10,1
460-00-574952-66,111.300958,30.691771,C10,1
460-00-301095-130,111.36385,30.79511,C10,1
460-00-719900-66,111.36942,30.636292,C10,1
460-00-574882-65,111.36053,30.80314,C10,1
460-00-575011-66,111.360906,30.646232,C10,1
460-00-571291-69,111.36095,30.797298,C10,1
460-00-719720-65,111.371826,30.816696,C10,1
460-00-458723-2,111.33982,30.73877,C10,1
460-00-122086-64,111.359367,30.643698,C10,1
460-00-122066-64,111.347891,30.787211,C10,1
460-00-911007-134,111.36044,30.64984,C10,1
460-00-457946-2,111.364321,30.652731,C10,1
460-00-457646-2,111.286401,30.718206,C10,1
460-00-719895-71,111.32191,30.675627,C10,1
460-00-575018-64,111.305915,30.716501,C10,1
460-00-575056-66,111.356629,30.645913,C10,1
460-00-301760-131,111.32634,30.680258,C10,1
460-00-719721-64,111.36104,30.797358,C10,1
460-00-988001-130,111.35135,30.655848,C10,1
460-00-574878-66,111.36194,30.783326,C10,1
460-00-301760-129,111.32634,30.680258,C10,1
460-00-910701-130,111.36732,30.79932,C10,1
460-00-575063-65,111.32634,30.680258,C10,1
460-00-570626-67,111.34044,30.77154,C10,1
460-00-301623-130,111.36072,30.79095,C10,1
460-00-457800-3,111.356641,30.645771,C10,1
460-00-574630-64,111.360291,30.649811,C10,1
460-00-457775-3,111.278811,30.697561,C10,1
460-00-574667-64,111.355408,30.656672,C10,1
460-00-457816-3,111.28352,30.69428,C10,1
460-00-571385-87,111.34531,30.76219,C10,1
460-00-910825-129,111.34392,30.79379,C10,1
460-00-575070-64,111.34273,30.79188,C10,1
460-00-574891-64,111.36054,30.80903,C10,1
460-00-575005-66,111.304079,30.68755,C10,1
460-00-911179-164,111.317375,30.726124,C10,1
460-00-122252-71,111.31951,30.674822,C10,1
460-00-122086-66,111.359367,30.643698,C10,1
460-00-122072-64,111.285736,30.696173,C10,1
460-00-458693-4,111.285277,30.708888,C10,1
460-00-575034-64,111.332417,30.711722,C10,1
460-00-300620-130,111.35913,30.80029,C10,1
460-00-911008-129,111.30918,30.70324,C10,1
460-00-457990-1,111.35864,30.64692,C10,1
460-00-911176-131,111.305504,30.724201,C10,1
460-00-574669-65,111.345901,30.739118,C10,1
460-00-458693-7,111.285277,30.708888,C10,1
460-00-301095-129,111.36385,30.79511,C10,1
460-00-457800-2,111.356641,30.645771,C10,1
460-00-570744-68,111.33445,30.67648,C10,1
460-00-574893-65,111.348236,30.79426,C10,1
460-00-642746-2,111.301119,30.701826,C10,1
460-00-457657-7,111.28403,30.708937,C10,1
460-00-457946-3,111.364321,30.652731,C10,1
460-00-574690-66,111.305527,30.729601,C10,1
460-00-457786-7,111.28991,30.69271,C10,1
460-00-575011-65,111.360906,30.646232,C10,1
460-00-457915-2,111.35238,30.646073,C10,1
460-00-457798-1,111.359375,30.643604,C10,1
460-00-719722-66,111.36353,30.800997,C10,1
460-00-122086-65,111.359367,30.643698,C10,1
460-00-574744-64,111.349754,30.78079,C10,1
460-00-301623-129,111.36072,30.79095,C10,1
460-00-720010-66,111.338307,30.756878,C10,1
460-00-574930-65,111.279914,30.712659,C10,1
460-00-574645-66,111.366272,30.64423,C10,1
460-00-719721-65,111.36104,30.797358,C10,1
460-00-575064-66,111.299786,30.686829,C10,1
460-00-719959-70,111.353956,30.64781,C10,1
460-00-571385-90,111.34531,30.76219,C10,1
460-00-457798-3,111.35937,30.643602,C10,1
460-00-571385-94,111.34531,30.76219,C10,1
460-00-301095-131,111.36385,30.79511,C10,1
460-00-719788-71,111.320984,30.671337,C10,1
460-00-642601-4,111.302151,30.682594,C10,1
460-00-574639-72,111.32524,30.671053,C10,1
460-00-122063-65,111.36121,30.661648,C10,1
460-00-458646-4,111.285808,30.707823,C10,1
460-00-574510-64,111.302017,30.754826,C10,1
460-00-570796-69,111.30267,30.68477,C10,1
460-00-574878-64,111.36194,30.783326,C10,1
460-00-570696-65,111.349601,30.642212,C10,1
460-00-712350-193,112.23414,30.356754,C11,1
460-00-350965-66,112.24891,30.30103,C11,1
460-00-712214-193,112.246138,30.330103,C11,1
460-00-712570-194,112.23522,30.329536,C11,1
460-00-712350-192,112.23418,30.356867,C11,1
460-00-712255-192,112.24491,30.33237,C11,1
460-00-712214-192,112.246138,30.330103,C11,1
460-00-712215-192,112.231674,30.353231,C11,1
460-00-712315-192,112.25343,30.306107,C11,1
460-00-691193-193,112.24575,30.306404,C11,1
460-00-712304-194,112.23351,30.354898,C11,1
460-00-168038-69,112.24631,30.31079,C11,1
460-00-712304-192,112.23355,30.354877,C11,1
460-00-712230-192,112.24627,30.310762,C11,1
460-00-712254-194,112.25716,30.307035,C11,1
460-00-186132-65,114.247414,30.587068,C12,1
460-00-438549-21,114.13765,30.640991,C12,1
460-00-438852-1,114.25144,30.61041,C12,1
460-00-185675-66,114.282419,30.585831,C12,1
460-00-438424-3,114.28841,30.58083,C12,1
460-00-36042-194,114.33562,30.71701,C12,1
460-00-438602-1,114.32137,30.64091,C12,1
460-00-439602-1,114.15636,30.48849,C12,1
460-00-438854-3,114.27849,30.55895,C12,1
460-00-439603-2,114.21838,30.55926,C12,1
460-00-438320-1,114.29669,30.58898,C12,1
460-00-185231-65,114.26657,30.550327,C12,1
460-00-443419-5,114.28372,30.57716,C12,1
460-00-442662-2,114.24289,30.600859,C12,1
460-00-305097-131,114.205118,30.563726,C12,1
460-00-439479-3,114.18027,30.46473,C12,1
460-00-439853-1,114.32757,30.63781,C12,1
460-00-438510-2,114.200524,30.571787,C12,1
460-00-185253-64,114.26315,30.582047,C12,1
460-00-185869-64,114.25111,30.637064,C12,1
460-00-439539-1,114.25733,30.543274,C12,1
460-00-438610-3,114.19738,30.60874,C12,1
460-00-305490-130,114.27656,30.57663,C12,1
460-00-435014-12,114.27143,30.57144,C12,1
460-00-436152-2,114.26624,30.57416,C12,1
460-00-564827-64,114.18711,30.529198,C12,1
460-00-187062-65,114.34048,30.71732,C12,1
460-00-303657-141,114.24531,30.62181,C12,1
460-00-187242-65,114.21013,30.514969,C12,1
460-00-442781-11,114.26929,30.58536,C12,1
460-00-186144-66,114.275826,30.574839,C12,1
460-00-438692-1,114.12613,30.46585,C12,1
460-00-307922-129,114.21945,30.557653,C12,1
460-00-438452-2,114.264288,30.595627,C12,1
460-00-438307-3,114.21071,30.57342,C12,1
460-00-308150-133,114.25317,30.583832,C12,1
460-00-305710-129,114.21732,30.59652,C12,1
460-00-438862-3,114.176246,30.475437,C12,1
460-00-304107-136,114.282457,30.605549,C12,1
460-00-36292-194,114.235504,30.523691,C12,1
460-00-438399-3,114.18461,30.58573,C12,1
460-00-439774-3,114.30215,30.60263,C12,1
460-00-438288-3,114.24965,30.55375,C12,1
460-00-439151-2,114.32085,30.63884,C12,1
460-00-438293-2,114.20554,30.56791,C12,1
460-00-308061-128,114.12544,30.47599,C12,1
460-00-186186-66,114.26966,30.571112,C12,1
460-00-435107-1,114.262341,30.625865,C12,1
460-00-440153-2,114.25921,30.61904,C12,1
460-00-187307-66,114.14744,30.621132,C12,1
460-00-303225-139,114.139086,30.624719,C12,1
460-00-439157-3,114.269755,30.542928,C12,1
460-00-185675-64,114.282419,30.585831,C12,1
460-00-439763-3,114.26969,30.58672,C12,1
460-00-304027-134,114.165112,30.508142,C12,1
460-00-438352-1,114.29158,30.58867,C12,1
460-00-438762-1,114.15391,30.47417,C12,1
460-00-435482-8,114.26026,30.63111,C12,1
460-00-439119-3,114.26287,30.58365,C12,1
460-00-439774-2,114.30215,30.60263,C12,1
460-00-439081-2,114.19153,30.54301,C12,1
460-00-185308-66,114.250114,30.574968,C12,1
460-00-305800-131,114.22821,30.58187,C12,1
460-00-439309-2,114.235581,30.606851,C12,1
460-00-438953-1,114.28865,30.595655,C12,1
460-00-440063-1,114.28586,30.70378,C12,1
460-00-439372-3,114.27012,30.58918,C12,1
460-00-303250-129,114.29824,30.59391,C12,1
460-00-435315-2,114.28902,30.71537,C12,1
460-00-439853-2,114.32757,30.63781,C12,1
460-00-440055-14,114.33333,30.71972,C12,1
460-00-438343-1,114.26595,30.58221,C12,1
460-00-584586-141,114.26726,30.59427,C12,1
460-00-435083-12,114.14885,30.49432,C12,1
460-00-440169-2,114.28668,30.58253,C12,1
460-00-438274-1,114.30479,30.608913,C12,1
460-00-564678-64,114.30961,30.60683,C12,1
460-00-438419-2,114.245328,30.587287,C12,1
460-00-439350-3,114.24478,30.553581,C12,1
460-00-308150-135,114.25303,30.583721,C12,1
460-00-435244-3,114.09329,30.424831,C12,1
460-00-440184-1,114.23722,30.55581,C12,1
460-00-439684-2,114.25773,30.61461,C12,1
460-00-435014-6,114.271431,30.571438,C12,1
460-00-442742-11,114.268902,30.585815,C12,1
460-00-305773-136,114.154979,30.520376,C12,1
460-00-439824-14,114.28385,30.585314,C12,1
460-00-584586-134,114.26629,30.59352,C12,1
460-00-438762-3,114.15391,30.47417,C12,1
460-00-439036-1,114.16865,30.50994,C12,1
460-00-439792-10,114.28333,30.58264,C12,1
460-00-185171-66,114.28051,30.587511,C12,1
460-00-440080-5,114.15159,30.582815,C12,1
460-00-564691-65,114.24481,30.51891,C12,1
460-00-185210-65,114.27171,30.581762,C12,1
460-00-439116-1,114.17508,30.51878,C12,1
460-00-303560-137,114.321718,30.646322,C12,1
460-00-438504-3,114.20143,30.56611,C12,1
460-00-439036-2,114.16865,30.50994,C12,1
460-00-442781-2,114.26929,30.58536,C12,1
460-00-442597-1,114.15551,30.60361,C12,1
460-00-307978-130,114.21072,30.51796,C12,1
460-00-305078-143,114.27134,30.68249,C12,1
460-00-439687-2,114.25597,30.61882,C12,1
460-00-443344-8,114.12001,30.55788,C12,1
460-00-439042-3,114.214166,30.603611,C12,1
460-00-38648-194,114.316058,30.702193,C12,1
460-00-442582-3,114.24824,30.60167,C12,1
460-00-583998-131,114.15623,30.52301,C12,1
460-00-305734-129,114.08044,30.453905,C12,1
460-00-185147-66,114.23181,30.607912,C12,1
460-00-185692-66,114.275444,30.644655,C12,1
460-00-438425-14,114.280191,30.569897,C12,1
460-00-305773-140,114.15544,30.52082,C12,1
460-00-439511-1,114.15982,30.52172,C12,1
460-00-439479-2,114.18027,30.46473,C12,1
460-00-439589-2,114.07498,30.45909,C12,1
460-00-584034-138,114.15792,30.51322,C12,1
460-00-710013-205,114.25011,30.62035,C12,1
460-00-304107-141,114.282457,30.605549,C12,1
460-00-584438-131,114.252815,30.621895,C12,1
460-00-439189-3,114.27919,30.60688,C12,1
460-00-438695-2,114.19447,30.57623,C12,1
460-00-434443-1,114.34947,30.621267,C12,1
460-00-303497-135,114.161991,30.620044,C12,1
460-00-439686-13,114.25945,30.60859,C12,1
460-00-710013-209,114.250101,30.62035,C12,1
460-00-185352-65,114.21178,30.569935,C12,1
460-00-584164-130,114.26256,30.587132,C12,1
460-00-584508-130,114.30846,30.616272,C12,1
460-00-439212-3,114.20356,30.56963,C12,1
460-00-439137-1,114.26788,30.54274,C12,1
460-00-440055-1,114.33333,30.71972,C12,1
460-00-583998-139,114.15581,30.52222,C12,1
460-00-304401-133,114.28738,30.58275,C12,1
460-00-308403-129,114.26815,30.57336,C12,1
460-00-438306-3,114.20827,30.56303,C12,1
460-00-439358-1,114.135501,30.477083,C12,1
460-00-303399-129,114.27189,30.57184,C12,1
460-00-439342-1,114.313551,30.629441,C12,1
460-00-439853-10,114.32757,30.63781,C12,1
460-00-438531-2,114.251884,30.527672,C12,1
460-00-584287-133,114.25317,30.58138,C12,1
460-00-304519-134,114.28287,30.58774,C12,1
460-00-307989-130,114.07184,30.46378,C12,1
460-00-36098-192,114.188354,30.539795,C12,1
460-00-303269-133,114.27694,30.58535,C12,1
460-00-439559-6,114.13417,30.65789,C12,1
460-00-303803-134,114.34048,30.71732,C12,1
460-00-438298-3,114.25777,30.55281,C12,1
460-00-438400-3,114.29681,30.60939,C12,1
460-00-303225-132,114.13909,30.62472,C12,1
460-00-436200-6,114.27432,30.57004,C12,1
460-00-185176-66,114.316401,30.622692,C12,1
460-00-305732-129,114.207466,30.573746,C12,1
460-00-186894-65,114.131201,30.62667,C12,1
460-00-307844-131,114.17315,30.534632,C12,1
460-00-439722-4,114.28696,30.57761,C12,1
460-00-305719-131,114.26088,30.567734,C12,1
460-00-186205-65,114.267044,30.597792,C12,1
460-00-184979-65,114.263374,30.572437,C12,1
460-00-442428-7,114.26335,30.58278,C12,1
460-00-438881-2,114.20142,30.56898,C12,1
460-00-185169-64,114.28699,30.57766,C12,1
460-00-308052-136,114.303774,30.59742,C12,1
460-00-584050-135,114.26901,30.57084,C12,1
460-00-304107-139,114.282457,30.605549,C12,1
460-00-439768-3,114.30261,30.61038,C12,1
460-00-435553-6,114.25963,30.61519,C12,1
460-00-439031-2,114.242239,30.532289,C12,1
460-00-185989-65,114.27913,30.577833,C12,1
460-00-435052-1,114.141101,30.495523,C12,1
460-00-439540-3,114.15734,30.49318,C12,1
460-00-438295-1,114.30542,30.61549,C12,1
460-00-438506-3,114.148315,30.489685,C12,1
460-00-438446-2,114.26455,30.59317,C12,1
460-00-308144-132,114.24002,30.586201,C12,1
460-00-439874-3,114.289741,30.591641,C12,1
460-00-185611-64,114.260864,30.627169,C12,1
460-00-185069-69,114.201195,30.557201,C12,1
460-00-185045-65,114.24327,30.585981,C12,1
460-00-439663-2,114.271645,30.574913,C12,1
460-00-303285-148,114.261562,30.571107,C12,1
460-00-185093-65,114.27315,30.601183,C12,1
460-00-184954-66,114.26866,30.582615,C12,1
460-00-439580-3,114.21011,30.51501,C12,1
460-00-36056-193,114.216041,30.567657,C12,1
460-00-438670-3,114.26628,30.62062,C12,1
460-00-439787-3,114.25128,30.616013,C12,1
460-00-439759-2,114.32046,30.60476,C12,1
460-00-438293-3,114.20554,30.56791,C12,1
460-00-305586-131,114.27779,30.570301,C12,1
460-00-583998-130,114.15623,30.52301,C12,1
460-00-438311-3,114.276666,30.575833,C12,1
460-00-442857-1,114.30284,30.61412,C12,1
460-00-443419-2,114.28372,30.57716,C12,1
460-00-36128-195,114.266803,30.563795,C12,1
460-00-438328-1,114.221405,30.582415,C12,1
460-00-305546-131,114.27561,30.60053,C12,1
460-00-442503-5,114.255209,30.58213,C12,1
460-00-442676-3,114.15283,30.491133,C12,1
460-00-304738-131,114.15347,30.517778,C12,1
460-00-438311-1,114.276666,30.575833,C12,1
460-00-304518-133,114.265926,30.607495,C12,1
460-00-439044-3,114.29658,30.60624,C12,1
460-00-439350-1,114.24478,30.553581,C12,1
460-00-185549-65,114.15916,30.513437,C12,1
460-00-439129-3,114.20109,30.55713,C12,1
460-00-307936-129,114.22383,30.513487,C12,1
460-00-434608-2,114.21386,30.52881,C12,1
460-00-305208-132,114.13664,30.599648,C12,1
460-00-442505-19,114.25681,30.58174,C12,1
460-00-36232-202,114.294173,30.582054,C12,1
460-00-303728-130,114.267811,30.539096,C12,1
460-00-308395-132,114.27965,30.60725,C12,1
460-00-36145-195,114.29234,30.59981,C12,1
460-00-304670-133,114.10813,30.550798,C12,1
460-00-438279-18,114.26884,30.582178,C12,1
460-00-304738-129,114.15346,30.517763,C12,1
460-00-440300-1,114.24283,30.65344,C12,1
460-00-439262-3,114.27306,30.60114,C12,1
460-00-438529-2,114.195838,30.566427,C12,1
460-00-185438-65,114.242701,30.578186,C12,1
460-00-438515-1,114.26433,30.54465,C12,1
460-00-584693-130,114.245383,30.587303,C12,1
460-00-304532-130,114.24241,30.55659,C12,1
460-00-439361-2,114.32193,30.630241,C12,1
460-00-439872-3,114.25701,30.59894,C12,1
460-00-438686-3,114.117534,30.477053,C12,1
460-00-305733-129,114.212944,30.526014,C12,1
460-00-308148-134,114.25399,30.583817,C12,1
460-00-438543-1,114.18669,30.48707,C12,1
460-00-584034-134,114.15803,30.51347,C12,1
460-00-305283-129,114.16342,30.49531,C12,1
460-00-438385-1,114.262024,30.53607,C12,1
460-00-442704-1,114.26782,30.59656,C12,1
460-00-303105-138,114.23252,30.65261,C12,1
460-00-305021-131,114.273304,30.669741,C12,1
460-00-304537-129,114.15578,30.52695,C12,1
460-00-185543-66,114.271701,30.575304,C12,1
460-00-305283-134,114.16342,30.49531,C12,1
460-00-439883-3,114.28547,30.58419,C12,1
460-00-438289-2,114.205842,30.570931,C12,1
460-00-187346-65,114.246376,30.572308,C12,1
460-00-439709-3,114.27986,30.57614,C12,1
460-00-303497-131,114.161991,30.620044,C12,1
460-00-439663-3,114.271645,30.574913,C12,1
460-00-435113-3,114.24951,30.58597,C12,1
460-00-439486-3,114.156801,30.597902,C12,1
460-00-440138-4,114.28718,30.58108,C12,1
460-00-185402-66,114.26641,30.60356,C12,1
460-00-185090-65,114.28649,30.58015,C12,1
460-00-439582-3,114.256857,30.538353,C12,1
460-00-304045-139,114.278925,30.607696,C12,1
460-00-439557-3,114.20203,30.54052,C12,1
460-00-34971-194,114.187164,30.596638,C12,1
460-00-305231-131,114.22409,30.484625,C12,1
460-00-439848-2,114.248255,30.624815,C12,1
460-00-438689-2,114.24675,30.52447,C12,1
460-00-303152-130,114.30165,30.598034,C12,1
460-00-439343-1,114.26644,30.60345,C12,1
460-00-439360-3,114.24395,30.55173,C12,1
460-00-710010-192,114.32361,30.60281,C12,1
460-00-435482-6,114.26026,30.63111,C12,1
460-00-305571-130,114.26264,30.61325,C12,1
460-00-435546-2,114.29522,30.59231,C12,1
460-00-185302-65,114.25976,30.603062,C12,1
460-00-440202-1,114.12988,30.47807,C12,1
460-00-304519-135,114.28287,30.58774,C12,1
460-00-440141-2,114.17427,30.52266,C12,1
460-00-434318-12,114.11554,30.45491,C12,1
460-00-185171-65,114.280525,30.587503,C12,1
460-00-185428-74,114.29044,30.583501,C12,1
460-00-439865-1,114.254042,30.602395,C12,1
460-00-185069-71,114.201164,30.557165,C12,1
460-00-435482-5,114.26026,30.631113,C12,1
460-00-440279-3,114.22035,30.49034,C12,1
460-00-304081-131,114.201486,30.506388,C12,1
460-00-584419-129,114.28881,30.70417,C12,1
460-00-303124-8,114.29079,30.58388,C12,1
460-00-438343-8,114.26595,30.58221,C12,1
460-00-438332-1,114.29611,30.58692,C12,1
460-00-440191-12,114.270084,30.576459,C12,1
460-00-439792-3,114.28289,30.583515,C12,1
460-00-304771-134,114.268166,30.56846,C12,1
460-00-439156-1,114.150764,30.486372,C12,1
460-00-35772-193,114.29102,30.589664,C12,1
460-00-303104-140,114.23252,30.65261,C12,1
460-00-186965-66,114.203995,30.565428,C12,1
460-00-438693-1,114.25769,30.53194,C12,1
460-00-186902-64,114.14561,30.618294,C12,1
460-00-439411-3,114.21405,30.53172,C12,1
460-00-438885-1,114.28897,30.58201,C12,1
460-00-564620-68,114.28682,30.596937,C12,1
460-00-439546-2,114.06549,30.45069,C12,1
460-00-438655-2,114.24048,30.62894,C12,1
460-00-438312-3,114.20712,30.56881,C12,1
460-00-710013-203,114.25011,30.62035,C12,1
460-00-584597-129,114.26471,30.60332,C12,1
460-00-185510-64,114.26666,30.580559,C12,1
460-00-442587-4,114.23223,30.651653,C12,1
460-00-439590-2,114.07661,30.46314,C12,1
460-00-303152-132,114.30165,30.598101,C12,1
460-00-439471-2,114.23184,30.55821,C12,1
460-00-583792-132,114.20135,30.62462,C12,1
460-00-304565-129,114.28459,30.57906,C12,1
460-00-307957-135,114.26858,30.58706,C12,1
460-00-304518-131,114.265926,30.607495,C12,1
460-00-185103-65,114.270515,30.600033,C12,1
460-00-186301-66,114.13674,30.653401,C12,1
460-00-434347-2,114.14547,30.483006,C12,1
460-00-439832-3,114.27361,30.58583,C12,1
460-00-439421-1,114.18616,30.53476,C12,1
460-00-438302-2,114.272224,30.583439,C12,1
460-00-584031-133,114.15487,30.51889,C12,1
460-00-438402-3,114.28961,30.62688,C12,1
460-00-438328-3,114.221405,30.582415,C12,1
460-00-304536-130,114.07549,30.44292,C12,1
460-00-442473-1,114.20672,30.64233,C12,1
460-00-185510-66,114.26662,30.580593,C12,1
460-00-36242-196,114.28776,30.58182,C12,1
460-00-438860-3,114.28667,30.59694,C12,1
460-00-303625-129,114.09276,30.472893,C12,1
460-00-439502-3,114.27126,30.54785,C12,1
460-00-710010-195,114.33217,30.63463,C12,1
460-00-710013-211,114.250101,30.62035,C12,1
460-00-305078-139,114.27139,30.68228,C12,1
460-00-435244-1,114.093301,30.424824,C12,1
460-00-439586-1,114.23788,30.56115,C12,1
460-00-304107-134,114.282457,30.605549,C12,1
460-00-439628-1,114.20874,30.50075,C12,1
460-00-439350-2,114.24478,30.553581,C12,1
460-00-435451-2,114.33853,30.65924,C12,1
460-00-438284-1,114.21376,30.560686,C12,1
460-00-438589-3,114.286026,30.634258,C12,1
460-00-184888-64,114.21738,30.566746,C12,1
460-00-439861-2,114.24031,30.62043,C12,1
460-00-304926-135,114.15599,30.51926,C12,1
460-00-439238-3,114.33667,30.65917,C12,1
460-00-442742-14,114.268902,30.585815,C12,1
460-00-36351-193,114.318794,30.636477,C12,1
460-00-438852-2,114.25144,30.61041,C12,1
460-00-303875-129,114.236932,30.64311,C12,1
460-00-709840-192,114.19336,30.59941,C12,1
460-00-435880-2,114.24357,30.63345,C12,1
460-00-439711-16,114.29326,30.58871,C12,1
460-00-438302-3,114.27232,30.58355,C12,1
460-00-438306-1,114.20827,30.56303,C12,1
460-00-439839-17,114.260544,30.58297,C12,1
460-00-438885-3,114.28897,30.58201,C12,1
460-00-185420-66,114.306244,30.616997,C12,1
460-00-303133-130,114.281612,30.570907,C12,1
460-00-438909-1,114.29363,30.58984,C12,1
460-00-564517-64,114.27001,30.58036,C12,1
460-00-439770-3,114.30532,30.61126,C12,1
460-00-439854-2,114.30634,30.616932,C12,1
460-00-439711-1,114.29094,30.587532,C12,1
460-00-439358-3,114.135501,30.477083,C12,1
460-00-185233-65,114.27296,30.58094,C12,1
460-00-185041-65,114.279396,30.589123,C12,1
460-00-438831-1,114.26317,30.586382,C12,1
460-00-439224-1,114.14574,30.473276,C12,1
460-00-439763-2,114.26969,30.58672,C12,1
460-00-564517-68,114.27001,30.58036,C12,1
460-00-564549-69,114.36505,30.692131,C12,1
460-00-584166-134,114.120918,30.662732,C12,1
460-00-710013-214,114.25011,30.62035,C12,1
460-00-440192-3,114.33996,30.66697,C12,1
460-00-439924-17,114.189304,30.63276,C12,1
460-00-439231-3,114.26604,30.562576,C12,1
460-00-439361-3,114.32197,30.630207,C12,1
460-00-564786-66,114.20164,30.56606,C12,1
460-00-440172-1,114.22788,30.55579,C12,1
460-00-185421-65,114.314095,30.629105,C12,1
460-00-305425-129,114.13704,30.488342,C12,1
460-00-304081-134,114.201486,30.506388,C12,1
460-00-185003-67,114.21385,30.56853,C12,1
460-00-305569-134,114.26812,30.60486,C12,1
460-00-438610-1,114.19738,30.60874,C12,1
460-00-584287-134,114.25314,30.58078,C12,1
460-00-439687-1,114.25597,30.61882,C12,1
460-00-303335-134,114.278275,30.571716,C12,1
460-00-564682-66,114.22588,30.57533,C12,1
460-00-186237-69,114.120997,30.647015,C12,1
460-00-184888-66,114.217384,30.566698,C12,1
460-00-303250-130,114.29824,30.59391,C12,1
460-00-305775-132,114.157501,30.52169,C12,1
460-00-710010-194,114.32361,30.60281,C12,1
460-00-439924-16,114.189304,30.63276,C12,1
460-00-439911-3,114.33556,30.71694,C12,1
460-00-439875-2,114.29463,30.58426,C12,1
460-00-440160-12,114.23738,30.65379,C12,1
460-00-438718-4,114.124491,30.462057,C12,1
460-00-584586-140,114.26726,30.59427,C12,1
460-00-185171-64,114.28048,30.587513,C12,1
460-00-439672-2,114.25958,30.60467,C12,1
460-00-434959-8,114.16017,30.62098,C12,1
460-00-303105-131,114.23252,30.65261,C12,1
460-00-438860-1,114.28667,30.59694,C12,1
460-00-438457-1,114.27639,30.60389,C12,1
460-00-185655-65,114.27033,30.57634,C12,1
460-00-438388-1,114.07938,30.46048,C12,1
460-00-439071-2,114.26516,30.57761,C12,1
460-00-439833-1,114.298401,30.604273,C12,1
460-00-303655-129,114.33538,30.71142,C12,1
460-00-443363-1,114.26557,30.58201,C12,1
460-00-442742-16,114.268902,30.585815,C12,1
460-00-438651-9,114.22071,30.55045,C12,1
460-00-303497-140,114.161991,30.620044,C12,1
460-00-36161-194,114.17215,30.511103,C12,1
460-00-187262-64,114.14161,30.61624,C12,1
460-00-584658-129,114.32086,30.638855,C12,1
460-00-308025-131,114.31787,30.62369,C12,1
460-00-439763-1,114.26969,30.58672,C12,1
460-00-439495-1,114.15726,30.59194,C12,1
460-00-187300-65,114.190346,30.547001,C12,1
460-00-710013-204,114.25011,30.62035,C12,1
460-00-439189-2,114.27919,30.60688,C12,1
460-00-184944-66,114.27657,30.603966,C12,1
460-00-439724-1,114.285743,30.581817,C12,1
460-00-584166-138,114.120929,30.663484,C12,1
460-00-184992-66,114.265274,30.549372,C12,1
460-00-184947-65,114.27702,30.590181,C12,1
460-00-438457-2,114.27671,30.60401,C12,1
460-00-439924-13,114.189304,30.63276,C12,1
460-00-303152-131,114.30163,30.598036,C12,1
460-00-440082-2,114.13634,30.58068,C12,1
460-00-305733-130,114.212944,30.52602,C12,1
460-00-439568-2,114.20344,30.49531,C12,1
460-00-439042-1,114.214166,30.603611,C12,1
460-00-710013-212,114.250101,30.62035,C12,1
460-00-308150-132,114.25303,30.583721,C12,1
460-00-304926-133,114.15633,30.52011,C12,1
460-00-438471-2,114.27684,30.566841,C12,1
460-00-434318-11,114.11554,30.45491,C12,1
460-00-304771-135,114.268311,30.56868,C12,1
460-00-439672-3,114.25958,30.60467,C12,1
460-00-438777-3,114.22156,30.56762,C12,1
460-00-435544-6,114.187101,30.529148,C12,1
460-00-36238-196,114.28053,30.58687,C12,1
460-00-438894-19,114.30444,30.60061,C12,1
460-00-439797-3,114.23314,30.58336,C12,1
460-00-443419-3,114.28372,30.57716,C12,1
460-00-305773-145,114.15648,30.520801,C12,1
460-00-186830-65,114.14457,30.634298,C12,1
460-00-440125-4,114.176094,30.524116,C12,1
460-00-185572-67,114.28535,30.584244,C12,1
460-00-438319-1,114.28277,30.58104,C12,1
460-00-186965-65,114.20398,30.565416,C12,1
460-00-438642-12,114.12159,30.47603,C12,1
460-00-584346-136,114.17949,30.59602,C12,1
460-00-185755-66,114.225784,30.666348,C12,1
460-00-442810-2,114.205221,30.563135,C12,1
460-00-438811-1,114.15061,30.49278,C12,1
460-00-435546-3,114.29522,30.59231,C12,1
460-00-438280-3,114.28294,30.579001,C12,1
460-00-442858-1,114.25858,30.60632,C12,1
460-00-435003-2,114.28895,30.58851,C12,1
460-00-303399-141,114.27189,30.57184,C12,1
460-00-308260-138,114.29508,30.60128,C12,1
460-00-184954-64,114.26857,30.582664,C12,1
460-00-438903-15,114.24658,30.619707,C12,1
460-00-584586-138,114.26726,30.59427,C12,1
460-00-305488-140,114.28463,30.58041,C12,1
460-00-584205-130,114.13074,30.47194,C12,1
460-00-308061-129,114.12544,30.47599,C12,1
460-00-305279-129,114.256516,30.579332,C12,1
460-00-439219-3,114.26402,30.53978,C12,1
460-00-438306-2,114.20827,30.56303,C12,1
460-00-435109-1,114.26621,30.64263,C12,1
460-00-35758-193,114.22319,30.575796,C12,1
460-00-303728-139,114.267811,30.539096,C12,1
460-00-438289-1,114.205842,30.570931,C12,1
460-00-303104-134,114.23252,30.65261,C12,1
460-00-438521-2,114.24243,30.54841,C12,1
460-00-584586-145,114.26607,30.59318,C12,1
460-00-438424-1,114.28841,30.58083,C12,1
460-00-439795-14,114.30944,30.61251,C12,1
460-00-36232-195,114.294173,30.582054,C12,1
460-00-438881-3,114.20142,30.56898,C12,1
460-00-584034-135,114.15792,30.51322,C12,1
460-00-442742-5,114.26929,30.58536,C12,1
460-00-438389-2,114.08123,30.45874,C12,1
460-00-584166-135,114.120929,30.663484,C12,1
460-00-434896-3,114.272905,30.569152,C12,1
460-00-564691-66,114.24484,30.518887,C12,1
460-00-185631-69,114.14456,30.490831,C12,1
460-00-710013-224,114.25011,30.62035,C12,1
460-00-305185-129,114.08746,30.451199,C12,1
460-00-184983-64,114.27228,30.57875,C12,1
460-00-584648-129,114.26974,30.586622,C12,1
460-00-185210-64,114.271706,30.581778,C12,1
460-00-435107-4,114.262341,30.625865,C12,1
460-00-303399-143,114.271671,30.571391,C12,1
460-00-443396-3,114.243034,30.554455,C12,1
460-00-185363-65,114.30854,30.619799,C12,1
460-00-439824-5,114.28389,30.58501,C12,1
460-00-185048-66,114.28319,30.58819,C12,1
460-00-438298-1,114.25777,30.55281,C12,1
460-00-438970-3,114.18085,30.61443,C12,1
460-00-439537-3,114.26054,30.54571,C12,1
460-00-35754-195,114.14626,30.509493,C12,1
460-00-184919-64,114.27365,30.585892,C12,1
460-00-185435-64,114.30637,30.60571,C12,1
460-00-442873-1,114.27203,30.60956,C12,1
460-00-308170-128,114.21945,30.622213,C12,1
460-00-442756-6,114.24852,30.52173,C12,1
460-00-185814-66,114.276794,30.638283,C12,1
460-00-439212-1,114.20356,30.56963,C12,1
460-00-440081-4,114.14777,30.578865,C12,1
460-00-307922-130,114.219201,30.557528,C12,1
460-00-439537-2,114.26054,30.54571,C12,1
460-00-438602-2,114.32136,30.64085,C12,1
460-00-37135-192,114.30316,30.60293,C12,1
460-00-440189-1,114.16319,30.47711,C12,1
460-00-439543-3,114.21645,30.49098,C12,1
460-00-440132-3,114.27934,30.58918,C12,1
460-00-438279-3,114.26884,30.582178,C12,1
460-00-185096-65,114.265625,30.574322,C12,1
460-00-564523-65,114.27001,30.58036,C12,1
460-00-439854-3,114.30634,30.616932,C12,1
460-00-442781-7,114.26929,30.58536,C12,1
460-00-305626-129,114.20909,30.569532,C12,1
460-00-185048-64,114.28319,30.58819,C12,1
460-00-584586-137,114.26629,30.59352,C12,1
460-00-438317-2,114.27861,30.58064,C12,1
460-00-438307-1,114.21071,30.57342,C12,1
460-00-439883-2,114.28547,30.58419,C12,1
460-00-439393-53,114.29088,30.62598,C12,1
460-00-439441-2,114.10933,30.55282,C12,1
460-00-304107-144,114.282457,30.605549,C12,1
460-00-303105-132,114.23252,30.65261,C12,1
460-00-440055-13,114.33333,30.71972,C12,1
460-00-303498-135,114.16215,30.62195,C12,1
460-00-439672-1,114.25958,30.60467,C12,1
460-00-36014-193,114.149046,30.494006,C12,1
460-00-305361-130,114.10148,30.468212,C12,1
460-00-439502-1,114.27126,30.54785,C12,1
460-00-304107-137,114.282457,30.605549,C12,1
460-00-584414-130,114.176234,30.496461,C12,1
460-00-439238-1,114.33667,30.65917,C12,1
460-00-438528-2,114.11553,30.46838,C12,1
460-00-439366-1,114.14869,30.60554,C12,1
460-00-439156-2,114.15079,30.486328,C12,1
460-00-305076-132,114.31172,30.64276,C12,1
460-00-435417-2,114.268401,30.539713,C12,1
460-00-305348-130,114.287901,30.69957,C12,1
460-00-185406-64,114.25821,30.61532,C12,1
460-00-439305-1,114.28472,30.59361,C12,1
460-00-438324-2,114.27219,30.58184,C12,1
460-00-308260-133,114.29508,30.60128,C12,1
460-00-439862-2,114.254791,30.605571,C12,1
460-00-584034-141,114.15792,30.51322,C12,1
460-00-305210-129,114.06321,30.459154,C12,1
460-00-584586-144,114.26582,30.59471,C12,1
460-00-439873-1,114.287445,30.593489,C12,1
460-00-442781-9,114.26929,30.58536,C12,1
460-00-438279-1,114.26884,30.582301,C12,1
460-00-184952-65,114.26697,30.596384,C12,1
460-00-439360-2,114.24395,30.55173,C12,1
460-00-185395-66,114.289007,30.599469,C12,1
460-00-439021-3,114.26869,30.645868,C12,1
460-00-584609-134,114.304896,30.608871,C12,1
460-00-438424-2,114.28841,30.58083,C12,1
460-00-307792-131,114.24902,30.572712,C12,1
460-00-186218-65,114.16383,30.507729,C12,1
460-00-305078-145,114.27134,30.68249,C12,1
460-00-305626-131,114.20906,30.56948,C12,1
460-00-436201-5,114.27432,30.57004,C12,1
460-00-439594-2,114.198801,30.53504,C12,1
460-00-438695-12,114.19447,30.576225,C12,1
460-00-439590-1,114.07661,30.46314,C12,1
460-00-36056-192,114.216041,30.567657,C12,1
460-00-584586-143,114.26726,30.59427,C12,1
460-00-305283-130,114.16342,30.49531,C12,1
460-00-305031-136,114.28371,30.58574,C12,1
460-00-185301-65,114.25007,30.607117,C12,1
460-00-584034-131,114.15803,30.51347,C12,1
460-00-305800-130,114.22821,30.58187,C12,1
460-00-439543-2,114.21645,30.49098,C12,1
460-00-434347-1,114.14547,30.483006,C12,1
460-00-712839-194,114.29111,30.61475,C12,1
460-00-439831-1,114.25856,30.59813,C12,1
460-00-303399-138,114.27189,30.57184,C12,1
460-00-710013-199,114.250101,30.62035,C12,1
460-00-304537-130,114.15578,30.52695,C12,1
460-00-439294-3,114.21887,30.54871,C12,1
460-00-439760-1,114.300058,30.607838,C12,1
460-00-438846-3,114.31052,30.62847,C12,1
460-00-305774-135,114.15856,30.521301,C12,1
460-00-303498-131,114.16215,30.62195,C12,1
460-00-186044-64,114.15338,30.51558,C12,1
460-00-439711-3,114.290955,30.587542,C12,1
460-00-439888-3,114.34864,30.62275,C12,1
460-00-439127-2,114.19218,30.54158,C12,1
460-00-439327-1,114.15937,30.50723,C12,1
460-00-439474-2,114.18675,30.46414,C12,1
460-00-439413-3,114.21601,30.55122,C12,1
460-00-438471-1,114.27686,30.566833,C12,1
460-00-439221-1,114.13999,30.47063,C12,1
460-00-185210-66,114.271701,30.581797,C12,1
460-00-584687-128,114.273544,30.564627,C12,1
460-00-439511-3,114.15982,30.52172,C12,1
460-00-434485-128,114.25361,30.58222,C12,1
460-00-305537-138,114.14402,30.603598,C12,1
460-00-185659-67,114.249292,30.619469,C12,1
460-00-438914-6,114.19035,30.61019,C12,1
460-00-305078-133,114.27139,30.68228,C12,1
460-00-304107-142,114.282457,30.605549,C12,1
460-00-443411-1,114.20821,30.571703,C12,1
460-00-305078-144,114.27139,30.68228,C12,1
460-00-438514-1,114.17291,30.516628,C12,1
460-00-185290-64,114.25783,30.552797,C12,1
460-00-438380-17,114.23971,30.58447,C12,1
460-00-439540-2,114.15734,30.49318,C12,1
460-00-439176-4,114.21295,30.61377,C12,1
460-00-185275-65,114.30054,30.606276,C12,1
460-00-303399-132,114.27189,30.57184,C12,1
460-00-185204-65,114.28266,30.58097,C12,1
460-00-307939-129,114.22659,30.526527,C12,1
460-00-434485-19,114.25363,30.582036,C12,1
460-00-439683-17,114.29154,30.579458,C12,1
460-00-438718-1,114.12468,30.46213,C12,1
460-00-442546-2,114.25771,30.61508,C12,1
460-00-583739-128,114.276895,30.566841,C12,1
460-00-184944-64,114.27652,30.603792,C12,1
460-00-434349-1,114.12171,30.47054,C12,1
460-00-584313-129,114.28701,30.58471,C12,1
460-00-438320-3,114.29669,30.58898,C12,1
460-00-435880-3,114.24357,30.63345,C12,1
460-00-439802-1,114.28713,30.57288,C12,1
460-00-583823-135,114.215805,30.657248,C12,1
460-00-439367-3,114.252301,30.651974,C12,1
460-00-186965-64,114.20401,30.565418,C12,1
460-00-440115-16,114.29281,30.58212,C12,1
460-00-185421-64,114.31411,30.629145,C12,1
460-00-439839-18,114.260544,30.58297,C12,1
460-00-438692-3,114.12613,30.46585,C12,1
460-00-439599-2,114.21924,30.57367,C12,1
460-00-186943-64,114.27301,30.67031,C12,1
460-00-184947-66,114.27702,30.590181,C12,1
460-00-439205-1,114.23152,30.56285,C12,1
460-00-185559-65,114.26665,30.572195,C12,1
460-00-439148-2,114.265343,30.606345,C12,1
460-00-35770-192,114.210765,30.604309,C12,1
460-00-305655-131,114.32015,30.623909,C12,1
460-00-435417-1,114.26843,30.539705,C12,1
460-00-34952-194,114.122856,30.653019,C12,1
460-00-438339-8,114.20242,30.56123,C12,1
460-00-439222-3,114.13641,30.46895,C12,1
460-00-438769-1,114.15761,30.49604,C12,1
460-00-438586-4,114.29122,30.57549,C12,1
460-00-305218-130,114.10257,30.465889,C12,1
460-00-710013-201,114.250101,30.62035,C12,1
460-00-305231-136,114.22409,30.484596,C12,1
460-00-36239-195,114.28311,30.58556,C12,1
460-00-36192-194,114.25137,30.64826,C12,1
460-00-435244-2,114.09329,30.424812,C12,1
460-00-438432-3,114.24123,30.60864,C12,1
460-00-185438-64,114.242714,30.578194,C12,1
460-00-185090-66,114.28649,30.58015,C12,1
460-00-185440-67,114.26006,30.548431,C12,1
460-00-439617-3,114.21105,30.50662,C12,1
460-00-438891-2,114.24611,30.61456,C12,1
460-00-304845-132,114.23956,30.57747,C12,1
460-00-184954-65,114.268585,30.582668,C12,1
460-00-439116-3,114.17508,30.51878,C12,1
460-00-584414-136,114.176234,30.496461,C12,1
460-00-185549-66,114.15916,30.513437,C12,1
460-00-35759-200,114.23653,30.575424,C12,1
460-00-439320-2,114.14593,30.501236,C12,1
460-00-439262-1,114.27306,30.60114,C12,1
460-00-303315-130,114.24348,30.53421,C12,1
460-00-439227-3,114.17094,30.45828,C12,1
460-00-185301-64,114.250015,30.60702,C12,1
460-00-439814-1,114.28081,30.60219,C12,1
460-00-439862-1,114.254791,30.605571,C12,1
460-00-34987-200,114.21461,30.59236,C12,1
460-00-185543-65,114.27174,30.574968,C12,1
460-00-443417-3,114.217224,30.566479,C12,1
460-00-439839-2,114.26062,30.58301,C12,1
460-00-439853-13,114.32757,30.63781,C12,1
460-00-185005-69,114.25741,30.591408,C12,1
460-00-436014-1,114.19351,30.57262,C12,1
460-00-304771-132,114.268311,30.56868,C12,1
460-00-308168-129,114.25495,30.56747,C12,1
460-00-438317-1,114.27861,30.58064,C12,1
460-00-303728-131,114.267811,30.539096,C12,1
460-00-435180-9,114.28468,30.570265,C12,1
460-00-303399-139,114.27189,30.57184,C12,1
460-00-439810-3,114.26565,30.62273,C12,1
460-00-304370-131,114.09517,30.46611,C12,1
460-00-303948-145,114.22009,30.620268,C12,1
460-00-440202-4,114.12988,30.47807,C12,1
460-00-185078-65,114.27331,30.60498,C12,1
460-00-306708-131,114.19791,30.57319,C12,1
460-00-305773-138,114.154979,30.520376,C12,1
460-00-438504-1,114.20143,30.56611,C12,1
460-00-584693-128,114.245383,30.587303,C12,1
460-00-439360-1,114.24395,30.55173,C12,1
460-00-304317-131,114.292046,30.706974,C12,1
460-00-184952-64,114.266914,30.596325,C12,1
460-00-186292-65,114.25812,30.61045,C12,1
460-00-304739-129,114.20369,30.561035,C12,1
460-00-185644-64,114.14726,30.492256,C12,1
460-00-564602-66,114.13195,30.47518,C12,1
460-00-184948-64,114.250801,30.616436,C12,1
460-00-303803-131,114.34048,30.71732,C12,1
460-00-440132-2,114.27934,30.58918,C12,1
460-00-438811-3,114.15061,30.49278,C12,1
460-00-185176-65,114.316401,30.622692,C12,1
460-00-439895-1,114.31409,30.70337,C12,1
460-00-442742-17,114.268902,30.585815,C12,1
460-00-307784-129,114.21478,30.612206,C12,1
460-00-564538-64,114.33607,30.71951,C12,1
460-00-435451-3,114.33853,30.65924,C12,1
460-00-438281-1,114.27611,30.58139,C12,1
460-00-184897-65,114.25675,30.603708,C12,1
460-00-186132-66,114.247414,30.587068,C12,1
460-00-304107-138,114.282457,30.605549,C12,1
460-00-438903-3,114.24658,30.619707,C12,1
460-00-440166-10,114.25932,30.58723,C12,1
460-00-304670-132,114.10813,30.550798,C12,1
460-00-308061-130,114.12544,30.47599,C12,1
460-00-439372-1,114.27012,30.58918,C12,1
460-00-439280-3,114.25827,30.610449,C12,1
460-00-304542-130,114.12936,30.48176,C12,1
460-00-185573-72,114.252785,30.620333,C12,1
460-00-303104-135,114.23252,30.65261,C12,1
460-00-303657-129,114.24531,30.62181,C12,1
460-00-438850-3,114.33535,30.64521,C12,1
460-00-438376-2,114.18532,30.58787,C12,1
460-00-305283-131,114.16342,30.49531,C12,1
460-00-442742-2,114.26929,30.58536,C12,1
460-00-303352-130,114.24686,30.53653,C12,1
460-00-439886-2,114.32212,30.658926,C12,1
460-00-304532-129,114.24239,30.556654,C12,1
460-00-439775-1,114.298706,30.592714,C12,1
460-00-305227-131,114.18834,30.59999,C12,1
460-00-439589-3,114.07498,30.45909,C12,1
460-00-564538-66,114.33607,30.71951,C12,1
460-00-440191-2,114.270084,30.576459,C12,1
460-00-438400-2,114.29681,30.60939,C12,1
460-00-439595-1,114.19655,30.53007,C12,1
460-00-564680-67,114.106995,30.549461,C12,1
460-00-304107-135,114.282457,30.605549,C12,1
460-00-439825-3,114.223465,30.593933,C12,1
460-00-186236-67,114.120922,30.644317,C12,1
460-00-438343-5,114.26595,30.58221,C12,1
460-00-187346-66,114.24639,30.572344,C12,1
460-00-435451-6,114.33853,30.65924,C12,1
460-00-303803-129,114.34048,30.71732,C12,1
460-00-435651-3,114.20285,30.56328,C12,1
460-00-438678-3,114.15443,30.61332,C12,1
460-00-36132-194,114.263398,30.674808,C12,1
460-00-36192-192,114.25137,30.64826,C12,1
460-00-305488-135,114.28463,30.58041,C12,1
460-00-438882-3,114.17008,30.50561,C12,1
460-00-439553-1,114.21623,30.55078,C12,1
460-00-308147-141,114.251901,30.58476,C12,1
460-00-186237-65,114.121001,30.64702,C12,1
460-00-439511-2,114.15982,30.52172,C12,1
460-00-305773-135,114.154979,30.520376,C12,1
460-00-584649-130,114.26444,30.610489,C12,1
460-00-436011-2,114.322458,30.637456,C12,1
460-00-304518-130,114.265926,30.607495,C12,1
460-00-439795-2,114.30944,30.61251,C12,1
460-00-438467-2,114.27185,30.60279,C12,1
460-00-439309-1,114.235581,30.606851,C12,1
460-00-710013-206,114.250101,30.62035,C12,1
460-00-440138-1,114.28718,30.58108,C12,1
460-00-185034-66,114.27264,30.577345,C12,1
460-00-439760-3,114.300058,30.607838,C12,1
460-00-305709-129,114.21732,30.59652,C12,1
460-00-584287-138,114.25314,30.58078,C12,1
460-00-439792-11,114.28342,30.582602,C12,1
460-00-304518-132,114.265926,30.607495,C12,1
460-00-184945-66,114.26816,30.573538,C12,1
460-00-435014-11,114.27143,30.57144,C12,1
460-00-438514-3,114.17295,30.51655,C12,1
460-00-583998-138,114.15581,30.52222,C12,1
460-00-305488-139,114.28463,30.58041,C12,1
460-00-442742-15,114.268902,30.585815,C12,1
460-00-442742-13,114.268902,30.585815,C12,1
460-00-303582-136,114.20402,30.54827,C12,1
460-00-435014-2,114.27143,30.57144,C12,1
460-00-443419-1,114.28372,30.57716,C12,1
460-00-435684-12,114.25467,30.58071,C12,1
460-00-439281-1,114.30717,30.63017,C12,1
460-00-435482-2,114.26026,30.63111,C12,1
460-00-442505-8,114.25681,30.58174,C12,1
460-00-185570-65,114.27242,30.583714,C12,1
460-00-439709-2,114.27986,30.57614,C12,1
460-00-434378-2,114.23318,30.56673,C12,1
460-00-443417-2,114.217224,30.566479,C12,1
460-00-439479-1,114.18027,30.46473,C12,1
460-00-185197-65,114.207466,30.568565,C12,1
460-00-304047-132,114.292012,30.620894,C12,1
460-00-438718-3,114.12468,30.46213,C12,1
460-00-439775-3,114.298701,30.592686,C12,1
460-00-303399-142,114.27189,30.57184,C12,1
460-00-439775-2,114.298701,30.592686,C12,1
460-00-304926-138,114.15599,30.519278,C12,1
460-00-436201-8,114.27432,30.57004,C12,1
460-00-439602-3,114.15636,30.48849,C12,1
460-00-438275-2,114.218028,30.581963,C12,1
460-00-184919-65,114.273674,30.58589,C12,1
460-00-710013-215,114.25011,30.62035,C12,1
460-00-185659-75,114.24718,30.617676,C12,1
460-00-438565-1,114.169601,30.46634,C12,1
460-00-710013-210,114.25011,30.62035,C12,1
460-00-435184-6,114.27324,30.59205,C12,1
460-00-305218-129,114.10258,30.465918,C12,1
460-00-303399-134,114.27189,30.57184,C12,1
460-00-442577-2,114.265261,30.585207,C12,1
460-00-34851-193,114.15347,30.497261,C12,1
460-00-439883-1,114.28547,30.58419,C12,1
460-00-305626-134,114.20906,30.56948,C12,1
460-00-305708-129,114.21732,30.59652,C12,1
460-00-185116-65,114.27006,30.589176,C12,1
460-00-584508-129,114.308464,30.616283,C12,1
460-00-305078-136,114.27139,30.68228,C12,1
460-00-443377-1,114.31178,30.614792,C12,1
460-00-438909-3,114.29363,30.58984,C12,1
460-00-440125-3,114.176094,30.524116,C12,1
460-00-185896-65,114.26143,30.568289,C12,1
460-00-439674-11,114.26378,30.572456,C12,1
460-00-439536-1,114.22622,30.55461,C12,1
460-00-305626-130,114.20906,30.569485,C12,1
460-00-439666-3,114.28511,30.59158,C12,1
460-00-442781-3,114.26929,30.58536,C12,1
460-00-438532-3,114.14715,30.46857,C12,1
460-00-439654-16,114.36724,30.69055,C12,1
460-00-440138-15,114.286095,30.58014,C12,1
460-00-440055-2,114.33333,30.71972,C12,1
460-00-438432-2,114.24123,30.60864,C12,1
460-00-439393-29,114.29088,30.62598,C12,1
460-00-584414-131,114.17614,30.49529,C12,1
460-00-305033-131,114.270686,30.572183,C12,1
460-00-564831-67,114.20552,30.567957,C12,1
460-00-434485-20,114.25363,30.582036,C12,1
460-00-564682-65,114.22588,30.57533,C12,1
460-00-185988-66,114.27118,30.581047,C12,1
460-00-308116-129,114.28212,30.59923,C12,1
460-00-438828-2,114.16534,30.50914,C12,1
460-00-439312-1,114.25096,30.60377,C12,1
460-00-438328-2,114.221405,30.582415,C12,1
460-00-439724-15,114.285866,30.581987,C12,1
460-00-186293-65,114.21134,30.561533,C12,1
460-00-438970-1,114.18085,30.61443,C12,1
460-00-439116-2,114.17508,30.51878,C12,1
460-00-304351-132,114.26237,30.62045,C12,1
460-00-438528-3,114.11553,30.46838,C12,1
460-00-303497-143,114.16248,30.62132,C12,1
460-00-443408-1,114.18766,30.51331,C12,1
460-00-36098-193,114.188324,30.539803,C12,1
460-00-439618-7,114.13584,30.616955,C12,1
460-00-439293-2,114.26322,30.59977,C12,1
460-00-443401-3,114.09048,30.46741,C12,1
460-00-584508-128,114.30841,30.616304,C12,1
460-00-187329-65,114.141001,30.628088,C12,1
460-00-305571-134,114.261501,30.61415,C12,1
460-00-439421-3,114.18649,30.53331,C12,1
460-00-303399-137,114.27189,30.57184,C12,1
460-00-439865-3,114.254068,30.602423,C12,1
460-00-439530-3,114.14034,30.48872,C12,1
460-00-438319-4,114.28277,30.58104,C12,1
460-00-442781-12,114.26929,30.58536,C12,1
460-00-439339-2,114.26507,30.58217,C12,1
460-00-435014-10,114.27143,30.57144,C12,1
460-00-185437-64,114.25476,30.580725,C12,1
460-00-303225-137,114.139086,30.624719,C12,1
460-00-434608-3,114.21386,30.52881,C12,1
460-00-185543-68,114.27174,30.574968,C12,1
460-00-438432-1,114.24123,30.60864,C12,1
460-00-443344-2,114.12001,30.55788,C12,1
460-00-37713-202,114.20538,30.56788,C12,1
460-00-34940-194,114.224705,30.556695,C12,1
460-00-185284-65,114.25663,30.615746,C12,1
460-00-185106-66,114.247501,30.611366,C12,1
460-00-184954-75,114.26866,30.582615,C12,1
460-00-185034-65,114.27264,30.577343,C12,1
460-00-435109-7,114.26621,30.64263,C12,1
460-00-439127-6,114.192245,30.54161,C12,1
460-00-438538-1,114.14604,30.47811,C12,1
460-00-36098-194,114.18831,30.539831,C12,1
460-00-305097-129,114.20512,30.563726,C12,1
460-00-36128-197,114.266803,30.563795,C12,1
460-00-305537-129,114.14402,30.603598,C12,1
460-00-438565-2,114.169601,30.46634,C12,1
460-00-438330-4,114.27827,30.58354,C12,1
460-00-440298-1,114.257797,30.581022,C12,1
460-00-303124-130,114.29079,30.58388,C12,1
460-00-185192-71,114.26193,30.591702,C12,1
460-00-439286-1,114.31271,30.617237,C12,1
460-00-439795-3,114.30944,30.61251,C12,1
460-00-307786-129,114.14881,30.503084,C12,1
460-00-185029-73,114.252401,30.621801,C12,1
460-00-185775-64,114.246765,30.646601,C12,1
460-00-584287-137,114.25318,30.58137,C12,1
460-00-303335-129,114.27636,30.57024,C12,1
460-00-442676-1,114.15286,30.491146,C12,1
460-00-442505-14,114.25681,30.58174,C12,1
460-00-438523-2,114.19918,30.56658,C12,1
460-00-439157-1,114.269755,30.542928,C12,1
460-00-439829-1,114.26101,30.56341,C12,1
460-00-304003-130,114.19156,30.51853,C12,1
460-00-439512-1,114.15075,30.52181,C12,1
460-00-440298-2,114.25868,30.58028,C12,1
460-00-303651-131,114.31103,30.650227,C12,1
460-00-710013-213,114.250101,30.62035,C12,1
460-00-584091-130,114.27221,30.56861,C12,1
460-00-304221-138,114.36708,30.69471,C12,1
460-00-439862-3,114.254791,30.605571,C12,1
460-00-435109-2,114.26621,30.64263,C12,1
460-00-438362-2,114.15349,30.523952,C12,1
460-00-438298-2,114.25777,30.55281,C12,1
460-00-438470-2,114.26686,30.59635,C12,1
460-00-440192-2,114.33996,30.66697,C12,1
460-00-438881-1,114.20142,30.56898,C12,1
460-00-304081-133,114.201486,30.506388,C12,1
460-00-439494-2,114.260627,30.540538,C12,1
460-00-438695-3,114.19447,30.576225,C12,1
460-00-438996-3,114.286041,30.612881,C12,1
460-00-439729-2,114.278101,30.585854,C12,1
460-00-304845-131,114.241706,30.57672,C12,1
460-00-584031-137,114.15487,30.51889,C12,1
460-00-439089-3,114.18466,30.46041,C12,1
460-00-583739-129,114.276895,30.566841,C12,1
460-00-439467-2,114.190254,30.472939,C12,1
460-00-185003-66,114.21385,30.56853,C12,1
460-00-184945-64,114.26841,30.57369,C12,1
460-00-439690-3,114.24941,30.580748,C12,1
460-00-439546-3,114.06549,30.45069,C12,1
460-00-303399-131,114.27189,30.57184,C12,1
460-00-439602-2,114.15636,30.48849,C12,1
460-00-304370-130,114.09517,30.46612,C12,1
460-00-710010-193,114.32361,30.60281,C12,1
460-00-184992-64,114.26531,30.549341,C12,1
460-00-439215-3,114.26512,30.54111,C12,1
460-00-439618-10,114.13584,30.616955,C12,1
460-00-184956-64,114.283615,30.579405,C12,1
460-00-185570-64,114.27235,30.583645,C12,1
460-00-439361-9,114.32196,30.63021,C12,1
460-00-584646-128,114.26166,30.612846,C12,1
460-00-438521-1,114.24243,30.54841,C12,1
460-00-438288-1,114.24965,30.55375,C12,1
460-00-564608-64,114.122826,30.470854,C12,1
460-00-308394-130,114.27965,30.60725,C12,1
460-00-439797-1,114.23314,30.58336,C12,1
460-00-36238-192,114.28053,30.58687,C12,1
460-00-186152-66,114.11367,30.458042,C12,1
460-00-439875-3,114.29463,30.58426,C12,1
460-00-438477-3,114.32264,30.63471,C12,1
460-00-308260-129,114.29508,30.60128,C12,1
460-00-185987-65,114.275301,30.577206,C12,1
460-00-439097-2,114.15129,30.49474,C12,1
460-00-443381-3,114.27522,30.64511,C12,1
460-00-184956-65,114.283615,30.579407,C12,1
460-00-438310-2,114.268333,30.576944,C12,1
460-00-186955-64,114.23748,30.653376,C12,1
460-00-443377-3,114.311806,30.614796,C12,1
460-00-435014-8,114.27143,30.57144,C12,1
460-00-34844-194,114.255516,30.624344,C12,1
460-00-303503-129,114.28758,30.57356,C12,1
460-00-185176-64,114.316246,30.622412,C12,1
460-00-439810-1,114.26565,30.62273,C12,1
460-00-442781-20,114.26929,30.58536,C12,1
460-00-438399-2,114.18461,30.58573,C12,1
460-00-36042-192,114.33561,30.71702,C12,1
460-00-439441-3,114.10933,30.55282,C12,1
460-00-439896-6,114.31725,30.70693,C12,1
460-00-34971-193,114.187096,30.596653,C12,1
460-00-186144-64,114.275856,30.574892,C12,1
460-00-439631-3,114.20226,30.50495,C12,1
460-00-438310-1,114.268333,30.576944,C12,1
460-00-435482-3,114.26026,30.63111,C12,1
460-00-710013-202,114.250101,30.62035,C12,1
460-00-439839-3,114.26062,30.58301,C12,1
460-00-438457-3,114.27639,30.60389,C12,1
460-00-185654-65,114.23441,30.62829,C12,1
460-00-443338-4,114.147934,30.58203,C12,1
460-00-184997-65,114.260635,30.583038,C12,1
460-00-184913-66,114.275246,30.578886,C12,1
460-00-439310-3,114.24723,30.611358,C12,1
460-00-303130-139,114.27787,30.584475,C12,1
460-00-443408-2,114.18766,30.51331,C12,1
460-00-439884-2,114.32967,30.661101,C12,1
460-00-439774-1,114.30215,30.60263,C12,1
460-00-305775-135,114.157501,30.52169,C12,1
460-00-439830-1,114.25063,30.590195,C12,1
460-00-186803-64,114.11675,30.65284,C12,1
460-00-439372-2,114.27012,30.58918,C12,1
460-00-304081-132,114.201486,30.506388,C12,1
460-00-584164-129,114.26256,30.587132,C12,1
460-00-303104-131,114.23252,30.65261,C12,1
460-00-438293-1,114.20554,30.56791,C12,1
460-00-185510-65,114.26667,30.58057,C12,1
460-00-438521-3,114.24243,30.54841,C12,1
460-00-443364-4,114.261374,30.551633,C12,1
460-00-584438-128,114.252815,30.621895,C12,1
460-00-442781-10,114.26929,30.58536,C12,1
460-00-439792-13,114.28289,30.58325,C12,1
460-00-439552-3,114.14742,30.62111,C12,1
460-00-584414-135,114.17614,30.49529,C12,1
460-00-440148-2,114.330277,30.595277,C12,1
460-00-443411-3,114.20824,30.571707,C12,1
460-00-435105-1,114.23818,30.62721,C12,1
460-00-303728-132,114.267811,30.539096,C12,1
460-00-438312-1,114.20712,30.56881,C12,1
460-00-584408-131,114.287482,30.592145,C12,1
460-00-439537-1,114.26054,30.54571,C12,1
460-00-438399-1,114.18461,30.58573,C12,1
460-00-584034-136,114.15797,30.51296,C12,1
460-00-584346-134,114.17949,30.59602,C12,1
460-00-439875-1,114.29463,30.58426,C12,1
460-00-185570-66,114.27242,30.583714,C12,1
460-00-438321-2,114.27517,30.582718,C12,1
460-00-305719-130,114.261601,30.569021,C12,1
460-00-303106-129,114.23252,30.65261,C12,1
460-00-438422-3,114.25976,30.58497,C12,1
460-00-35770-193,114.210765,30.604309,C12,1
460-00-440138-12,114.286095,30.58012,C12,1
460-00-584287-135,114.253601,30.58104,C12,1
460-00-710013-200,114.25011,30.62035,C12,1
460-00-439512-2,114.15075,30.52181,C12,1
460-00-304771-130,114.268166,30.56846,C12,1
460-00-584586-132,114.26269,30.59482,C12,1
460-00-439137-3,114.26788,30.54274,C12,1
460-00-584031-136,114.15453,30.51794,C12,1
460-00-584586-130,114.26525,30.59526,C12,1
460-00-304670-130,114.10813,30.550798,C12,1
460-00-439119-1,114.26287,30.58365,C12,1
460-00-35755-192,114.27137,30.56518,C12,1
460-00-564520-64,114.27001,30.58036,C12,1
460-00-435543-6,114.286821,30.58987,C12,1
460-00-583823-134,114.21527,30.656662,C12,1
460-00-184907-71,114.241714,30.58087,C12,1
460-00-434347-3,114.14547,30.483006,C12,1
460-00-584171-129,114.25088,30.57965,C12,1
460-00-304038-133,114.226522,30.589132,C12,1
460-00-438419-3,114.245593,30.587322,C12,1
460-00-713045-196,114.24909,30.62171,C12,1
460-00-185559-66,114.26665,30.572195,C12,1
460-00-438943-2,114.24222,30.61028,C12,1
460-00-184956-66,114.283615,30.579401,C12,1
460-00-439475-3,114.21743,30.485516,C12,1
460-00-443417-1,114.217224,30.566479,C12,1
460-00-442781-1,114.26929,30.58536,C12,1
460-00-186830-64,114.144585,30.634301,C12,1
460-00-186237-67,114.120997,30.647015,C12,1
460-00-303285-149,114.261562,30.571107,C12,1
460-00-438378-1,114.14908,30.52581,C12,1
460-00-304107-140,114.282457,30.605549,C12,1
460-00-185363-66,114.30855,30.619768,C12,1
460-00-186199-66,114.32195,30.630196,C12,1
460-00-438295-3,114.30542,30.61549,C12,1
460-00-184899-66,114.30338,30.60715,C12,1
460-00-440191-1,114.270084,30.576459,C12,1
460-00-583823-137,114.21596,30.657358,C12,1
460-00-304926-129,114.15599,30.51926,C12,1
460-00-435880-4,114.24357,30.63345,C12,1
460-00-439832-1,114.27361,30.58583,C12,1
460-00-304771-133,114.268166,30.56846,C12,1
460-00-710010-196,114.32361,30.60281,C12,1
460-00-304782-130,114.20058,30.64243,C12,1
460-00-438952-1,114.21618,30.63731,C12,1
460-00-584346-135,114.17949,30.59602,C12,1
460-00-303875-131,114.236932,30.64311,C12,1
460-00-439305-2,114.28472,30.59361,C12,1
460-00-439091-3,114.208941,30.602591,C12,1
460-00-438362-3,114.15348,30.523952,C12,1
460-00-564738-66,114.110664,30.463608,C12,1
460-00-438320-2,114.29669,30.58898,C12,1
460-00-438477-1,114.32264,30.63471,C12,1
460-00-185204-64,114.28263,30.580975,C12,1
460-00-439344-2,114.26135,30.59592,C12,1
460-00-439814-3,114.28081,30.60219,C12,1
460-00-439873-2,114.28744,30.59348,C12,1
460-00-438525-3,114.11812,30.45928,C12,1
460-00-434443-2,114.34947,30.621262,C12,1
460-00-440157-1,114.30405,30.64369,C12,1
460-00-439896-1,114.31725,30.70693,C12,1
460-00-303497-139,114.161991,30.620044,C12,1
460-00-305571-128,114.26264,30.61325,C12,1
460-00-442674-1,114.19786,30.552101,C12,1
460-00-439875-19,114.29463,30.58426,C12,1
460-00-185301-66,114.25011,30.607101,C12,1
460-00-440138-11,114.28646,30.58015,C12,1
460-00-438846-1,114.31052,30.62847,C12,1
460-00-304401-130,114.28738,30.58275,C12,1
460-00-439875-17,114.29463,30.58426,C12,1
460-00-438467-3,114.27185,30.60279,C12,1
460-00-584164-128,114.26256,30.587132,C12,1
460-00-439119-2,114.26287,30.58365,C12,1
460-00-584287-131,114.256901,30.58071,C12,1
460-00-307784-133,114.21479,30.612198,C12,1
460-00-304845-130,114.241706,30.57672,C12,1
460-00-438416-3,114.27681,30.62065,C12,1
460-00-303250-131,114.29824,30.59391,C12,1
460-00-36232-193,114.294173,30.582054,C12,1
460-00-185988-65,114.271194,30.580994,C12,1
460-00-435545-3,114.19761,30.59319,C12,1
460-00-439240-2,114.26755,30.64103,C12,1
460-00-304518-129,114.265926,30.607495,C12,1
460-00-438317-17,114.27861,30.58064,C12,1
460-00-185296-65,114.31388,30.617239,C12,1
460-00-440115-17,114.29281,30.58212,C12,1
460-00-439589-1,114.07498,30.45909,C12,1
460-00-438332-14,114.29611,30.58692,C12,1
460-00-438769-3,114.15761,30.49604,C12,1
460-00-438885-2,114.28897,30.58201,C12,1
460-00-303803-132,114.34048,30.71732,C12,1
460-00-710013-208,114.250101,30.62035,C12,1
460-00-34856-194,114.317604,30.706938,C12,1
460-00-439312-3,114.25096,30.60377,C12,1
460-00-186877-65,114.220345,30.657784,C12,1
460-00-439854-1,114.30634,30.616932,C12,1
460-00-36056-194,114.216041,30.567657,C12,1
460-00-442781-16,114.26929,30.58536,C12,1
460-00-439145-3,114.28642,30.57548,C12,1
460-00-36292-192,114.23543,30.523682,C12,1
460-00-185214-66,114.26888,30.547861,C12,1
460-00-583803-130,114.29917,30.60625,C12,1
460-00-439156-3,114.150824,30.486392,C12,1
460-00-439385-1,114.19121,30.56845,C12,1
460-00-583823-140,114.21596,30.657358,C12,1
460-00-438275-3,114.218028,30.581963,C12,1
460-00-439137-2,114.26788,30.54274,C12,1
460-00-438317-3,114.27861,30.58064,C12,1
460-00-439540-1,114.15734,30.49318,C12,1
460-00-303421-136,114.15344,30.51569,C12,1
460-00-438281-2,114.27611,30.58139,C12,1
460-00-439865-2,114.254068,30.602423,C12,1
460-00-185363-64,114.308525,30.619822,C12,1
460-00-438427-3,114.26017,30.60034,C12,1
460-00-305022-131,114.273304,30.669741,C12,1
460-00-303399-135,114.27189,30.57184,C12,1
460-00-303399-130,114.27189,30.57184,C12,1
460-00-37123-193,114.267951,30.568393,C12,1
460-00-439690-2,114.24947,30.580671,C12,1
460-00-439786-3,114.26077,30.62726,C12,1
460-00-439888-2,114.34864,30.62275,C12,1
460-00-435417-3,114.268394,30.53973,C12,1
460-00-439683-1,114.29159,30.579475,C12,1
460-00-439151-1,114.32085,30.63884,C12,1
460-00-438471-3,114.27687,30.566845,C12,1
460-00-440141-1,114.17427,30.52266,C12,1
460-00-438422-2,114.25976,30.58497,C12,1
460-00-304670-129,114.10813,30.550798,C12,1
460-00-185231-64,114.26646,30.550322,C12,1
460-00-185034-64,114.27262,30.577335,C12,1
460-00-185655-66,114.27033,30.57634,C12,1
460-00-436201-7,114.27432,30.57004,C12,1
460-00-185003-65,114.21385,30.56853,C12,1
460-00-303948-139,114.22009,30.620268,C12,1
460-00-438909-2,114.29363,30.58984,C12,1
460-00-185255-64,114.29797,30.606674,C12,1
460-00-184945-65,114.26844,30.573658,C12,1
460-00-442742-12,114.268902,30.585815,C12,1
460-00-184983-65,114.27228,30.57875,C12,1
460-00-439031-5,114.242239,30.532289,C12,1
460-00-187307-65,114.14744,30.621132,C12,1
460-00-440172-2,114.22788,30.55579,C12,1
460-00-186236-64,114.12092,30.64432,C12,1
460-00-185233-64,114.27296,30.58094,C12,1
460-00-438280-1,114.283023,30.579042,C12,1
460-00-442781-17,114.26929,30.58536,C12,1
460-00-307922-131,114.21919,30.557495,C12,1
460-00-185352-66,114.21176,30.56997,C12,1
460-00-185267-66,114.258484,30.59822,C12,1
460-00-440014-2,114.36227,30.69326,C12,1
460-00-304107-133,114.282457,30.605549,C12,1
460-00-304045-150,114.278925,30.607696,C12,1
460-00-583739-130,114.276895,30.566841,C12,1
460-00-438362-1,114.15349,30.523949,C12,1
460-00-439411-2,114.21405,30.53172,C12,1
460-00-439824-2,114.28389,30.58501,C12,1
460-00-438319-2,114.28278,30.58108,C12,1
460-00-185003-64,114.21385,30.56853,C12,1
460-00-439896-3,114.31725,30.70693,C12,1
460-00-305741-135,114.20378,30.572002,C12,1
460-00-440186-1,114.25415,30.53725,C12,1
460-00-185090-64,114.28649,30.58015,C12,1
460-00-439286-2,114.31219,30.617525,C12,1
460-00-440300-7,114.24283,30.65344,C12,1
460-00-584569-129,114.26717,30.54866,C12,1
460-00-438541-2,114.08758,30.46307,C12,1
460-00-185559-64,114.266655,30.572187,C12,1
460-00-308148-131,114.25379,30.584171,C12,1
460-00-36014-192,114.149046,30.494006,C12,1
460-00-438914-1,114.19035,30.61019,C12,1
460-00-438673-1,114.17931,30.60639,C12,1
460-00-440224-1,114.19197,30.510447,C12,1
460-00-185111-65,114.26337,30.60292,C12,1
460-00-440142-14,114.14626,30.50953,C12,1
460-00-304585-134,114.26993,30.59531,C12,1
460-00-34952-193,114.122795,30.65302,C12,1
460-00-185874-69,114.25188,30.623854,C12,1
460-00-308144-134,114.24077,30.58581,C12,1
460-00-439842-2,114.21333,30.58121,C12,1
460-00-439031-1,114.242239,30.532289,C12,1
460-00-440081-6,114.14777,30.578865,C12,1
460-00-442421-5,114.25588,30.58102,C12,1
460-00-440191-3,114.270084,30.576459,C12,1
460-00-584287-129,114.25317,30.58138,C12,1
460-00-584287-132,114.25314,30.58078,C12,1
460-00-439687-3,114.25597,30.61882,C12,1
460-00-442473-2,114.20672,30.64233,C12,1
460-00-305361-131,114.10149,30.468204,C12,1
460-00-438970-2,114.18085,30.61443,C12,1
460-00-584166-137,114.120918,30.662732,C12,1
460-00-308114-130,114.32815,30.64663,C12,1
460-00-438312-2,114.20712,30.56881,C12,1
460-00-439566-2,114.06888,30.46347,C12,1
460-00-439770-2,114.30532,30.61126,C12,1
460-00-440145-3,114.272341,30.598151,C12,1
460-00-440039-2,114.34936,30.71486,C12,1
460-00-308394-129,114.27965,30.60725,C12,1
460-00-438811-2,114.15061,30.49278,C12,1
460-00-184997-66,114.260506,30.582924,C12,1
460-00-442505-15,114.25681,30.58174,C12,1
460-00-440188-3,114.15161,30.47638,C12,1
460-00-184919-66,114.27366,30.585905,C12,1
460-00-304003-129,114.19156,30.51853,C12,1
460-00-185921-65,114.208046,30.556002,C12,1
460-00-439698-2,114.33362,30.59878,C12,1
460-00-442597-3,114.15551,30.60361,C12,1
460-00-305767-130,114.11238,30.470684,C12,1
460-00-438549-3,114.137634,30.640999,C12,1
460-00-439124-1,114.18526,30.578024,C12,1
460-00-438565-3,114.169601,30.46634,C12,1
460-00-185617-66,114.21593,30.557045,C12,1
460-00-439593-3,114.19044,30.52143,C12,1
460-00-304519-137,114.28287,30.58774,C12,1
460-00-434565-1,114.084435,30.420845,C12,1
460-00-439795-1,114.309444,30.61251,C12,1
460-00-442742-10,114.268902,30.585815,C12,1
460-00-185214-64,114.26889,30.547861,C12,1
460-00-439874-1,114.289741,30.591641,C12,1
460-00-438860-2,114.28667,30.59694,C12,1
460-00-307870-131,114.25074,30.53949,C12,1
460-00-438422-1,114.25976,30.58497,C12,1
460-00-304542-129,114.12936,30.48176,C12,1
460-00-187062-66,114.34048,30.71732,C12,1
460-00-303399-140,114.27189,30.57184,C12,1
460-00-307933-128,114.082054,30.423235,C12,1
460-00-439524-1,114.09321,30.45096,C12,1
460-00-564786-65,114.20164,30.56606,C12,1
460-00-439618-1,114.13591,30.61681,C12,1
460-00-442878-3,114.177823,30.51667,C12,1
460-00-186205-66,114.267044,30.597792,C12,1
460-00-439280-2,114.25818,30.610501,C12,1
460-00-438302-1,114.27221,30.583149,C12,1
460-00-439729-1,114.27811,30.585854,C12,1
460-00-307990-130,114.10278,30.45408,C12,1
460-00-584648-130,114.269745,30.586628,C12,1
460-00-36232-205,114.294173,30.582054,C12,1
460-00-36232-206,114.294173,30.582054,C12,1
460-00-187346-64,114.246501,30.572386,C12,1
460-00-439839-1,114.26062,30.58301,C12,1
460-00-442781-6,114.26929,30.58536,C12,1
460-00-439339-1,114.26507,30.58217,C12,1
460-00-440163-14,114.25007,30.61733,C12,1
460-00-185298-66,114.18845,30.53713,C12,1
460-00-584205-129,114.13074,30.47194,C12,1
460-00-185731-69,114.52093,30.719997,C13,1
460-00-308127-154,114.54519,30.71506,C13,1
460-00-308127-146,114.54531,30.71522,C13,1
460-00-307724-129,114.52037,30.71746,C13,1
460-00-307724-130,114.52037,30.71746,C13,1
460-00-308127-142,114.54519,30.71506,C13,1
460-00-307724-133,114.52037,30.71746,C13,1
460-00-584533-132,114.53826,30.71322,C13,1
460-00-185704-66,114.52377,30.714989,C13,1
460-00-308127-134,114.54445,30.71501,C13,1
460-00-307724-131,114.52037,30.71746,C13,1
460-00-308127-150,114.54519,30.71506,C13,1
460-00-308127-151,114.54531,30.71522,C13,1
460-00-185705-65,114.51959,30.714754,C13,1
460-00-307716-130,114.51774,30.71594,C13,1
460-00-307722-135,114.51809,30.71246,C13,1
460-00-308127-143,114.54531,30.71522,C13,1
460-00-584533-133,114.53811,30.71411,C13,1
460-00-185737-66,114.52609,30.712341,C13,1
460-00-307918-131,114.021905,30.534344,C14,1
460-00-438411-6,114.02271,30.53603,C14,1
460-00-36350-192,114.022973,30.536009,C14,1
460-00-186719-65,114.02447,30.538435,C14,1
460-00-307918-132,114.021905,30.534344,C14,1
460-00-36350-193,114.022973,30.536009,C14,1
460-00-307917-130,114.022327,30.535068,C14,1
460-00-186792-64,114.15968,30.68143,C15,1
460-00-186792-65,114.15968,30.68143,C15,1
460-00-304902-132,114.17109,30.68455,C15,1
460-00-304902-134,114.17075,30.684446,C15,1
460-00-304902-136,114.171101,30.684507,C15,1
460-00-37162-193,114.15027,30.68809,C15,1
460-00-304247-133,114.15029,30.688141,C15,1
460-00-304902-129,114.17109,30.68455,C15,1
460-00-187031-65,114.35824,30.889166,C16,1
460-00-434576-2,114.36991,30.88207,C16,1
460-00-307313-129,114.37384,30.89066,C16,1
460-00-438648-3,114.37001,30.88481,C16,1
460-00-187031-66,114.35824,30.889149,C16,1
460-00-187031-64,114.35827,30.889164,C16,1
460-00-303733-140,114.35833,30.889246,C16,1
460-00-34871-194,114.36801,30.87834,C16,1
460-00-303733-129,114.358601,30.889668,C16,1
460-00-438648-8,114.37006,30.884867,C16,1
460-00-434576-8,114.36991,30.88207,C16,1
460-00-442520-2,114.241066,30.713314,C17,1
460-00-434568-2,114.24709,30.71478,C17,1
460-00-36124-193,114.251019,30.714147,C17,1
460-00-303414-133,114.25545,30.71299,C17,1
460-00-308132-146,114.23124,30.728501,C17,1
460-00-187078-66,114.25421,30.71253,C17,1
460-00-36124-192,114.251019,30.714147,C17,1
460-00-439901-1,114.25083,30.71417,C17,1
460-00-438711-3,114.23167,30.71778,C17,1
460-00-305017-131,114.247412,30.71463,C17,1
460-00-304277-131,114.22595,30.72281,C17,1
460-00-438711-1,114.23167,30.71778,C17,1
460-00-442520-1,114.241066,30.713316,C17,1
460-00-439901-2,114.25083,30.71417,C17,1
460-00-187078-64,114.25421,30.71252,C17,1
460-00-439901-3,114.25083,30.71417,C17,1
460-00-439934-3,114.25426,30.71252,C17,1
460-00-434568-1,114.24703,30.714886,C17,1
460-00-584504-146,114.23752,30.73876,C17,1
460-00-437755-18,114.40987,30.73595,C18,1
460-00-437755-6,114.40987,30.73595,C18,1
460-00-38600-194,114.410902,30.73589,C18,1
460-00-36335-192,114.40886,30.733965,C18,1
460-00-437755-5,114.40987,30.73595,C18,1
460-00-305744-131,114.41347,30.73442,C18,1
460-00-36335-201,114.40886,30.733965,C18,1
460-00-36335-202,114.40886,30.733965,C18,1
460-00-437755-3,114.40987,30.73595,C18,1
460-00-305744-147,114.41347,30.73442,C18,1
460-00-305743-130,114.41373,30.73741,C18,1
460-00-305743-143,114.41373,30.73741,C18,1
460-00-36335-193,114.408875,30.733978,C18,1
460-00-36335-204,114.40886,30.733965,C18,1
460-00-437755-4,114.40987,30.73595,C18,1
460-00-305744-143,114.41347,30.73442,C18,1
460-00-437755-2,114.40987,30.73595,C18,1
460-00-305743-131,114.41373,30.73741,C18,1
460-00-437755-1,114.40987,30.73595,C18,1
460-00-187161-64,114.412636,30.728376,C18,1
460-00-439515-1,114.01276,30.56936,C19,1
460-00-187234-69,114.03592,30.578392,C19,1
460-00-438618-1,114.03353,30.57555,C19,1
460-00-438618-3,114.03353,30.57555,C19,1
460-00-438819-1,114.02489,30.56921,C19,1
460-00-438734-3,114.01979,30.58212,C19,1
460-00-438556-2,114.02831,30.58645,C19,1
460-00-439587-1,114.01122,30.57369,C19,1
460-00-434860-2,114.01796,30.58752,C19,1
460-00-438729-3,114.01387,30.58487,C19,1
460-00-304309-129,114.00803,30.58506,C19,1
460-00-438729-2,114.01387,30.58487,C19,1
460-00-436169-2,114.02779,30.57587,C19,1
460-00-436169-1,114.02779,30.57587,C19,1
460-00-438734-2,114.01979,30.58212,C19,1
460-00-442664-2,114.03256,30.58459,C19,1
460-00-439587-2,114.01122,30.57369,C19,1
460-00-438570-2,114.01422,30.57948,C19,1
460-00-439587-3,114.01122,30.57369,C19,1
460-00-438570-3,114.01422,30.57948,C19,1
460-00-438729-1,114.01387,30.58487,C19,1
460-00-438618-2,114.03353,30.57555,C19,1
460-00-438570-1,114.01422,30.57948,C19,1
460-00-304622-129,114.017301,30.57967,C19,1
460-00-438569-3,114.02608,30.58245,C19,1
460-00-561571-66,112.159491,30.337584,C2,1
460-00-691858-192,112.13829,30.329754,C2,1
460-00-120076-66,112.14852,30.33368,C2,1
460-00-120076-64,112.148605,30.333696,C2,1
460-00-691858-193,112.13829,30.329754,C2,1
460-00-561504-64,112.146012,30.328036,C2,1
460-00-561504-66,112.146012,30.328036,C2,1
460-00-561511-65,112.153757,30.33742,C2,1
460-00-561511-66,112.153757,30.33742,C2,1
460-00-910116-148,112.17231,32.08166,C20,1
460-00-189321-65,112.145164,32.023758,C20,1
460-00-455306-6,112.14971,32.06161,C20,1
460-00-455194-3,112.12242,32.079018,C20,1
460-00-454860-1,112.15957,32.021107,C20,1
460-00-581335-130,112.151665,32.025112,C20,1
460-00-910553-129,112.13502,32.04816,C20,1
460-00-455518-4,112.13349,32.05202,C20,1
460-00-568272-70,112.14148,32.03606,C20,1
460-00-456060-10,112.134084,32.012338,C20,1
460-00-454772-2,112.147575,32.009155,C20,1
460-00-455326-1,112.12606,32.075066,C20,1
460-00-568314-66,112.147801,32.020501,C20,1
460-00-909383-130,112.15921,32.09759,C20,1
460-00-455064-3,112.15031,32.06339,C20,1
460-00-910024-133,112.12475,32.06284,C20,1
460-00-580937-131,112.13376,32.04525,C20,1
460-00-996896-3,112.13106,32.092216,C20,1
460-00-568270-68,112.14287,32.03493,C20,1
460-00-581037-129,112.13975,32.03888,C20,1
460-00-568128-75,112.10742,32.04727,C20,1
460-00-189051-66,112.148422,32.044151,C20,1
460-00-997030-3,112.17322,32.08482,C20,1
460-00-568270-69,112.14287,32.03493,C20,1
460-00-568269-69,112.143161,32.034993,C20,1
460-00-909435-129,112.12381,32.01415,C20,1
460-00-909454-132,112.128136,32.066032,C20,1
460-00-189670-66,112.110802,32.05098,C20,1
460-00-189051-68,112.148422,32.044151,C20,1
460-00-188944-69,112.161001,32.09084,C20,1
460-00-189123-66,112.130577,32.079884,C20,1
460-00-456060-7,112.134084,32.012338,C20,1
460-00-32772-193,112.12851,32.07113,C20,1
460-00-189123-67,112.130577,32.079884,C20,1
460-00-909435-130,112.12381,32.01415,C20,1
460-00-454762-1,112.14456,32.055855,C20,1
460-00-454745-5,112.141846,32.07093,C20,1
460-00-455306-3,112.14971,32.06161,C20,1
460-00-640533-3,112.127522,32.064964,C20,1
460-00-300012-131,112.158964,32.028561,C20,1
460-00-455194-2,112.12229,32.079301,C20,1
460-00-189681-67,112.129074,32.06049,C20,1
460-00-300152-137,112.142053,32.063692,C20,1
460-00-581131-129,112.13251,32.035201,C20,1
460-00-189141-66,112.149155,32.051575,C20,1
460-00-909442-129,112.14975,32.067234,C20,1
460-00-909454-135,112.128136,32.066032,C20,1
460-00-456125-2,112.141489,32.062605,C20,1
460-00-456060-1,112.134084,32.012338,C20,1
460-00-909379-131,112.14364,32.02276,C20,1
460-00-568294-65,112.14374,32.06289,C20,1
460-00-189323-65,112.14748,32.061733,C20,1
460-00-568294-67,112.14374,32.06289,C20,1
460-00-909379-130,112.14364,32.02276,C20,1
460-00-455013-17,112.133722,32.044728,C20,1
460-00-189427-67,112.128799,32.06311,C20,1
460-00-455013-14,112.133722,32.044728,C20,1
460-00-910116-145,112.17522,32.078501,C20,1
460-00-567855-71,112.13294,32.04177,C20,1
460-00-581131-132,112.13251,32.035297,C20,1
460-00-299963-133,112.130285,32.039919,C20,1
460-00-455472-3,112.137801,32.052555,C20,1
460-00-454928-2,112.16551,32.09142,C20,1
460-00-189670-65,112.110802,32.05098,C20,1
460-00-568341-70,112.15844,32.04741,C20,1
460-00-189120-71,112.148277,32.058746,C20,1
460-00-189323-66,112.14754,32.061577,C20,1
460-00-567904-71,112.16276,32.088303,C20,1
460-00-568270-66,112.14287,32.03493,C20,1
460-00-581366-133,112.12433,32.09582,C20,1
460-00-910023-129,112.12481,32.063522,C20,1
460-00-567825-69,112.13524,32.067497,C20,1
460-00-189677-67,112.118581,32.095869,C20,1
460-00-910079-138,112.149411,32.048791,C20,1
460-00-568119-68,112.133194,32.102886,C20,1
460-00-456060-8,112.134084,32.012338,C20,1
460-00-568029-71,112.117472,32.042981,C20,1
460-00-189187-70,112.13909,32.01624,C20,1
460-00-300152-136,112.142053,32.063692,C20,1
460-00-189443-67,112.17044,32.093456,C20,1
460-00-189670-67,112.110802,32.05098,C20,1
460-00-568224-67,112.118515,32.07936,C20,1
460-00-456047-1,112.149866,32.044828,C20,1
460-00-189108-71,112.117279,32.086575,C20,1
460-00-454965-1,112.139084,32.014614,C20,1
460-00-454867-6,112.17032,32.09331,C20,1
460-00-189254-65,112.170052,32.088867,C20,1
460-00-568270-70,112.14287,32.03493,C20,1
460-00-189027-66,112.142227,32.036064,C20,1
460-00-640532-12,112.126973,32.064953,C20,1
460-00-641418-1,112.151153,32.053028,C20,1
460-00-640532-3,112.126973,32.064953,C20,1
460-00-996932-1,112.125101,32.09188,C20,1
460-00-641372-37,112.078022,32.005433,C21,1
460-00-189209-66,112.07535,32.008743,C21,1
460-00-567976-65,112.07661,32.01116,C21,1
460-00-641372-46,112.078022,32.005433,C21,1
460-00-455087-1,112.07518,32.00871,C21,1
460-00-454684-1,112.07457,32.005783,C21,1
460-00-568439-72,111.838889,31.777222,C22,1
460-00-568439-68,111.838889,31.777222,C22,1
460-00-568439-73,111.838889,31.777222,C22,1
460-00-568439-74,111.838889,31.777222,C22,1
460-00-189477-65,111.837408,31.779226,C22,1
460-00-910080-129,111.83208,31.77592,C22,1
460-00-189477-66,111.837408,31.779226,C22,1
460-00-910483-129,111.84123,31.78199,C22,1
460-00-568439-65,111.838889,31.777222,C22,1
460-00-568363-76,112.268804,32.029495,C23,1
460-00-568363-78,112.268804,32.029495,C23,1
460-00-568363-66,112.26921,32.02888,C23,1
460-00-189673-66,112.26033,32.031338,C23,1
460-00-568363-80,112.268804,32.029495,C23,1
460-00-568363-71,112.268804,32.029495,C23,1
460-00-189579-65,112.26669,32.03058,C23,1
460-00-189579-66,112.26669,32.03058,C23,1
460-00-989828-130,115.40805,30.242804,C24,1
460-00-192476-66,115.431823,30.238093,C24,1
460-00-989854-131,115.41247,30.234726,C24,1
460-00-689382-193,115.423294,30.242064,C24,1
460-00-689382-195,115.423325,30.242062,C24,1
460-00-989828-131,115.40805,30.242804,C24,1
460-00-192465-66,115.435341,30.243315,C24,1
460-00-989910-129,115.426636,30.251652,C24,1
460-00-913128-129,109.495011,30.289128,C25,1
460-00-988835-135,109.49182,30.285429,C25,1
460-00-571960-64,109.48656,30.279537,C25,1
460-00-444203-1,109.49028,30.28389,C25,1
460-00-988540-140,109.480111,30.30807,C25,1
460-00-582586-133,109.49064,30.29611,C25,1
460-00-194171-66,109.484171,30.278113,C25,1
460-00-989103-139,109.490605,30.274928,C25,1
460-00-988835-131,109.491806,30.285496,C25,1
460-00-988835-137,109.49182,30.285435,C25,1
460-00-194206-64,109.491165,30.296955,C25,1
460-00-444166-3,109.47222,30.281388,C25,1
460-00-194138-66,109.472401,30.281399,C25,1
460-00-298228-131,109.495476,30.278847,C25,1
460-00-988725-135,109.490685,30.29119,C25,1
460-00-913265-130,109.50084,30.276344,C25,1
460-00-988835-136,109.49182,30.285433,C25,1
460-00-582588-136,109.49385,30.28963,C25,1
460-00-582585-135,109.489001,30.297801,C25,1
460-00-720733-65,109.476631,30.295103,C25,1
460-00-444417-2,109.49361,30.29972,C25,1
460-00-988835-130,109.49179,30.285542,C25,1
460-00-49857-2,109.48853,30.28066,C25,1
460-00-988835-129,109.49179,30.285486,C25,1
460-00-582585-133,109.489001,30.297801,C25,1
460-00-913352-132,109.49547,30.278801,C25,1
460-00-989348-129,114.890884,30.430133,C26,1
460-00-989336-138,114.89519,30.43566,C26,1
460-00-989367-131,114.895721,30.438467,C26,1
460-00-989408-131,114.90621,30.42872,C26,1
460-00-194356-66,114.88867,30.437908,C26,1
460-00-194314-65,114.90168,30.432272,C26,1
460-00-194325-66,114.89454,30.426483,C26,1
460-00-990330-129,115.07674,30.215223,C27,1
460-00-194813-66,115.075001,30.209428,C27,1
460-00-705686-197,115.08348,30.21117,C27,1
460-00-194813-64,115.074955,30.209371,C27,1
460-00-990713-130,115.07822,30.21192,C27,1
460-00-705640-194,115.085365,30.213165,C27,1
460-00-990330-128,115.07683,30.21518,C27,1
460-00-568435-72,111.630833,32.265278,C28,1
460-00-568435-74,111.630833,32.265278,C28,1
460-00-299359-131,111.64499,32.248101,C28,1
460-00-568435-67,111.630833,32.265278,C28,1
460-00-299372-131,111.65417,32.25469,C28,1
460-00-909432-129,111.63178,32.25323,C28,1
460-00-299391-130,111.64861,32.25226,C28,1
460-00-568435-68,111.630833,32.265278,C28,1
460-00-568435-75,111.630833,32.265278,C28,1
460-00-640876-3,111.659073,32.251404,C28,1
460-00-299355-131,111.618689,32.270978,C28,1
460-00-909822-170,112.082426,31.95712,C29,1
460-00-299597-141,112.088601,31.95835,C29,1
460-00-568417-93,112.082426,31.95712,C29,1
460-00-568417-78,112.082426,31.95712,C29,1
460-00-455967-9,112.070224,31.941642,C29,1
460-00-299879-177,112.07388,31.94776,C29,1
460-00-909822-181,112.082426,31.95712,C29,1
460-00-455501-2,112.07425,31.94862,C29,1
460-00-455320-3,112.08261,31.95675,C29,1
460-00-568417-90,112.082426,31.95712,C29,1
460-00-456064-29,112.074746,31.947519,C29,1
460-00-568417-103,112.082426,31.95712,C29,1
460-00-299597-143,112.088601,31.95835,C29,1
460-00-568417-92,112.082426,31.95712,C29,1
460-00-909822-177,112.08254,31.956966,C29,1
460-00-715710-193,111.777662,30.172679,C3,1
460-00-715708-192,111.766945,30.166643,C3,1
460-00-120111-66,111.780075,30.177142,C3,1
460-00-715710-194,111.777662,30.172679,C3,1
460-00-168182-64,111.77467,30.176201,C3,1
460-00-168182-65,111.774366,30.17604,C3,1
460-00-640699-2,112.19403,31.76003,C30,1
460-00-455684-3,112.22498,31.71859,C30,1
460-00-640699-1,112.19403,31.76003,C30,1
460-00-640704-1,112.21227,31.743807,C30,1
460-00-910181-129,112.20405,31.753086,C30,1
460-00-299678-131,112.22253,31.73224,C30,1
460-00-910181-131,112.20405,31.753119,C30,1
460-00-910250-131,112.222115,31.72738,C30,1
460-00-640699-3,112.19403,31.76003,C30,1
460-00-640663-3,112.220315,31.738183,C30,1
460-00-300223-129,112.16564,31.71382,C30,1
460-00-299678-129,112.22261,31.73247,C30,1
460-00-910181-130,112.20403,31.753094,C30,1
460-00-455684-1,112.22498,31.71859,C30,1
460-00-640663-1,112.220315,31.738183,C30,1
460-00-909924-129,112.189804,31.730152,C30,1
460-00-299720-130,112.11321,31.71635,C31,1
460-00-641094-2,112.11738,31.72635,C31,1
460-00-641095-1,112.12061,31.71736,C31,1
460-00-580891-130,112.123405,31.728844,C31,1
460-00-641094-1,112.11738,31.72635,C31,1
460-00-455690-1,112.777176,32.103348,C32,1
460-00-568288-65,112.77602,32.12665,C32,1
460-00-997091-4,112.77701,32.11541,C32,1
460-00-299989-130,112.75651,32.12269,C32,1
460-00-455169-3,112.75349,32.12092,C32,1
460-00-997176-15,112.753869,32.123271,C32,1
460-00-580930-131,112.77347,32.11659,C32,1
460-00-997176-10,112.753869,32.123271,C32,1
460-00-568221-70,112.756125,32.114052,C32,1
460-00-299730-131,112.782701,32.101543,C32,1
460-00-997175-2,112.76407,32.11623,C32,1
460-00-299894-130,112.756069,32.123221,C32,1
460-00-997176-8,112.753869,32.123271,C32,1
460-00-641142-11,112.778227,32.123647,C32,1
460-00-996866-3,112.761352,32.127342,C32,1
460-00-997176-12,112.753869,32.123271,C32,1
460-00-910327-133,112.764401,32.122528,C32,1
460-00-455690-3,112.777176,32.103348,C32,1
460-00-568467-67,112.75079,32.12457,C32,1
460-00-996866-1,112.761352,32.127342,C32,1
460-00-997176-11,112.753869,32.123271,C32,1
460-00-996866-2,112.761352,32.127342,C32,1
460-00-997176-13,112.753869,32.123271,C32,1
460-00-454710-1,112.76801,32.12326,C32,1
460-00-568468-67,112.752501,32.125833,C32,1
460-00-997176-2,112.753869,32.123271,C32,1
460-00-299730-129,112.78268,32.101574,C32,1
460-00-440251-2,114.07631,30.619392,C33,1
460-00-36033-192,114.093833,30.626164,C33,1
460-00-304160-129,114.07992,30.62973,C33,1
460-00-435190-5,114.063545,30.619713,C33,1
460-00-440009-1,114.08647,30.625055,C33,1
460-00-304225-138,114.08847,30.62821,C33,1
460-00-439636-15,114.09342,30.62041,C33,1
460-00-304225-130,114.08847,30.62821,C33,1
460-00-303722-130,114.07483,30.62793,C33,1
460-00-38653-194,114.052551,30.62815,C33,1
460-00-304225-129,114.08847,30.62821,C33,1
460-00-303722-133,114.07483,30.62793,C33,1
460-00-35994-193,114.093522,30.620453,C33,1
460-00-440257-2,114.09127,30.34193,C34,1
460-00-439516-3,114.092445,30.358892,C34,1
460-00-439516-2,114.092445,30.358892,C34,1
460-00-439463-1,114.08143,30.35757,C34,1
460-00-303954-131,114.09734,30.36152,C34,1
460-00-435066-2,114.07493,30.34991,C34,1
460-00-439463-3,114.08143,30.35757,C34,1
460-00-434371-2,114.08882,30.35679,C34,1
460-00-439463-2,114.08143,30.35757,C34,1
460-00-304534-129,114.08553,30.36548,C34,1
460-00-439516-1,114.092445,30.358892,C34,1
460-00-435066-3,114.07493,30.34991,C34,1
460-00-435066-1,114.07493,30.34991,C34,1
460-00-434371-3,114.08882,30.35679,C34,1
460-00-434371-1,114.08882,30.35679,C34,1
460-00-303954-130,114.09731,30.36151,C34,1
460-00-439447-2,114.08383,30.351074,C34,1
460-00-439447-1,114.08383,30.351074,C34,1
460-00-36008-192,114.02632,30.66242,C35,1
460-00-439527-9,114.02122,30.65291,C35,1
460-00-36034-193,114.02291,30.65736,C35,1
460-00-304239-140,114.02267,30.65723,C35,1
460-00-304786-133,114.797457,30.836658,C36,1
460-00-438551-1,114.80369,30.84616,C36,1
460-00-304785-129,114.797457,30.836658,C36,1
460-00-304606-129,114.79604,30.842897,C36,1
460-00-350420-64,112.582101,30.695841,C37,1
460-00-454159-3,112.56821,30.69781,C37,1
460-00-454238-1,112.572978,30.695148,C37,1
460-00-454182-3,112.573388,30.689827,C37,1
460-00-454235-1,112.57785,30.69639,C37,1
460-00-454159-2,112.56821,30.69781,C37,1
460-00-454240-2,112.56851,30.69411,C37,1
460-00-454239-1,112.56603,30.687551,C37,1
460-00-454178-2,112.56261,30.70221,C37,1
460-00-454238-3,112.572978,30.695148,C37,1
460-00-454173-2,112.562832,30.696691,C37,1
460-00-578417-134,112.608116,31.105978,C38,1
460-00-578417-129,112.60812,31.105967,C38,1
460-00-350589-65,112.60056,31.11132,C38,1
460-00-926085-129,112.60882,31.10074,C38,1
460-00-454098-3,112.60711,31.11121,C38,1
460-00-577557-153,112.600552,31.111318,C38,1
460-00-577557-151,112.600552,31.111318,C38,1
460-00-454099-3,112.61188,31.10991,C38,1
460-00-449938-14,113.821158,31.618096,C39,1
460-00-449961-9,113.82296,31.62756,C39,1
460-00-926480-137,113.81957,31.62279,C39,1
460-00-449938-17,113.821158,31.618096,C39,1
460-00-449938-11,113.821158,31.618096,C39,1
460-00-449951-2,113.81838,31.61721,C39,1
460-00-449956-13,113.815315,31.614658,C39,1
460-00-449944-13,113.82639,31.61728,C39,1
460-00-926494-133,113.81595,31.627556,C39,1
460-00-120146-64,112.900135,29.829837,C4,1
460-00-715698-196,112.91088,29.85014,C4,1
460-00-691890-192,112.902801,29.828787,C4,1
460-00-715698-192,112.90222,29.847725,C4,1
460-00-195041-64,112.89777,29.84982,C4,1
460-00-167962-66,112.90214,29.83268,C4,1
460-00-715698-193,112.90222,29.847727,C4,1
460-00-715698-195,112.91102,29.850357,C4,1
460-00-167962-64,112.90214,29.83268,C4,1
460-00-351473-67,112.906417,29.834447,C4,1
460-00-715698-194,112.90222,29.847727,C4,1
460-00-350784-65,112.89936,29.843159,C4,1
460-00-691755-193,112.891205,29.85021,C4,1
460-00-712265-193,112.90795,29.843939,C4,1
460-00-691755-194,112.891205,29.85021,C4,1
460-00-453878-28,112.195833,30.991666,C40,1
460-00-454403-26,112.18451,30.99256,C40,1
460-00-52170-5,112.18451,30.99256,C40,1
460-00-52170-12,112.18451,30.99256,C40,1
460-00-453853-1,112.19459,30.98911,C40,1
460-00-454403-14,112.18451,30.99256,C40,1
460-00-454403-11,112.18451,30.99256,C40,1
460-00-52170-10,112.18451,30.99256,C40,1
460-00-454403-25,112.18451,30.99256,C40,1
460-00-453856-3,112.197624,31.000605,C40,1
460-00-52170-4,112.18451,30.99256,C40,1
460-00-453878-27,112.19582,30.99171,C40,1
460-00-578425-131,112.58537,31.17577,C41,1
460-00-52104-1,112.57721,31.17365,C41,1
460-00-454033-12,112.588055,31.170277,C41,1
460-00-456097-28,112.035434,32.002612,C42,1
460-00-456100-5,112.04252,31.996264,C42,1
460-00-456097-45,112.03543,32.00261,C42,1
460-00-456097-30,112.03543,32.00261,C42,1
460-00-456097-48,112.035434,32.002612,C42,1
460-00-456100-6,112.04252,31.996264,C42,1
460-00-571369-65,111.069534,30.169044,C43,1
460-00-571369-67,111.06954,30.169071,C43,1
460-00-571370-65,111.077065,30.174751,C43,1
460-00-571370-67,111.077101,30.17478,C43,1
460-00-578363-131,112.195128,30.926461,C44,1
460-00-578363-130,112.195128,30.926461,C44,1
460-00-926185-134,112.20733,30.93276,C44,1
460-00-578362-129,112.205124,30.920418,C44,1
460-00-640672-2,112.16415,31.750301,C45,1
460-00-640672-1,112.16415,31.750301,C45,1
460-00-909874-130,112.15807,31.742823,C45,1
460-00-909874-131,112.158104,31.742798,C45,1
460-00-909874-129,112.15803,31.742786,C45,1
460-00-689180-200,115.016401,31.18041,C46,1
460-00-989600-130,115.028206,31.172428,C46,1
460-00-689181-194,115.01896,31.182657,C46,1
460-00-689180-199,115.016401,31.18041,C46,1
460-00-715713-193,112.21463,30.060068,C47,1
460-00-715713-194,112.214645,30.060078,C47,1
460-00-715731-194,112.228386,30.05957,C47,1
460-00-715731-192,112.22842,30.05956,C47,1
460-00-691912-192,112.21539,30.054815,C47,1
460-00-715694-194,113.479564,29.837151,C5,1
460-00-120160-67,113.46776,29.827087,C5,1
460-00-561856-65,113.474501,29.82879,C5,1
460-00-561856-64,113.474501,29.82879,C5,1
460-00-715694-192,113.479564,29.837151,C5,1
460-00-715694-193,113.479564,29.837151,C5,1
460-00-563081-65,110.733734,32.635742,C6,1
460-00-716091-199,110.77417,32.63751,C6,1
460-00-575641-66,110.736961,32.648512,C6,1
460-00-575679-66,110.78663,32.626057,C6,1
460-00-690362-194,110.76045,32.61784,C6,1
460-00-575778-73,110.777199,32.632101,C6,1
460-00-575774-71,110.784004,32.60519,C6,1
460-00-575728-66,110.73179,32.651512,C6,1
460-00-575778-72,110.777199,32.632101,C6,1
460-00-690917-197,110.78336,32.622044,C6,1
460-00-716211-195,110.77335,32.635284,C6,1
460-00-120821-65,110.78315,32.62404,C6,1
460-00-563093-67,110.77856,32.64799,C6,1
460-00-120821-69,110.78315,32.623947,C6,1
460-00-575728-65,110.73174,32.651478,C6,1
460-00-575679-67,110.78672,32.626045,C6,1
460-00-575774-72,110.783714,32.604805,C6,1
460-00-575494-71,110.773866,32.632601,C6,1
460-00-575724-68,110.77604,32.62984,C6,1
460-00-120821-72,110.78315,32.623947,C6,1
460-00-575735-66,110.731636,32.650288,C6,1
460-00-575733-66,110.734207,32.652473,C6,1
460-00-563081-66,110.733722,32.635838,C6,1
460-00-575641-67,110.736922,32.648517,C6,1
460-00-120821-71,110.78315,32.623947,C6,1
460-00-575669-68,110.73662,32.656937,C6,1
460-00-690918-193,110.78222,32.623516,C6,1
460-00-120821-66,110.78311,32.624004,C6,1
460-00-690917-195,110.78336,32.622044,C6,1
460-00-120767-68,110.773933,32.625209,C6,1
460-00-563080-67,110.738976,32.635117,C6,1
460-00-563038-67,110.78032,32.61225,C6,1
460-00-120821-73,110.78315,32.623947,C6,1
460-00-690293-195,110.78608,32.61397,C6,1
460-00-690917-194,110.783356,32.622044,C6,1
460-00-120821-70,110.78315,32.623947,C6,1
460-00-120821-68,110.78315,32.623947,C6,1
460-00-575724-65,110.77604,32.62984,C6,1
460-00-690777-198,110.74405,32.652767,C6,1
460-00-575669-65,110.73662,32.656937,C6,1
460-00-563038-65,110.78032,32.61225,C6,1
460-00-690917-196,110.78336,32.622044,C6,1
460-00-563080-65,110.738846,32.635235,C6,1
460-00-121782-64,111.788422,30.815427,C7,1
460-00-574592-66,111.789207,30.828301,C7,1
460-00-121770-65,111.791481,30.831367,C7,1
460-00-121780-65,111.786087,30.833242,C7,1
460-00-121759-66,111.791634,30.81892,C7,1
460-00-121783-65,111.791016,30.816263,C7,1
460-00-575113-64,111.802039,30.826651,C7,1
460-00-910842-136,111.79147,30.83138,C7,1
460-00-575103-64,111.794157,30.831937,C7,1
460-00-121783-64,111.791016,30.816263,C7,1
460-00-122057-64,110.74328,31.330826,C8,1
460-00-121861-64,110.760338,31.337515,C8,1
460-00-121860-66,110.753578,31.340015,C8,1
460-00-574869-64,110.751884,31.338301,C8,1
460-00-121860-65,110.753578,31.340015,C8,1
460-00-121860-64,110.753578,31.340015,C8,1
460-00-121986-66,110.75496,31.351048,C8,1
460-00-121795-66,110.746643,31.345324,C8,1
460-00-443480-5,113.75391,30.42663,C9,1
460-00-571301-70,111.43881,30.381042,C9,1
460-00-997364-3,112.210451,31.803976,C9,1
460-00-571301-68,111.43878,30.381054,C9,1
460-00-184412-90,113.35816,31.67243,C9,1
460-00-568336-80,112.25153,31.997662,C9,1
460-00-571301-69,111.43881,30.381073,C9,1
460-00-454283-1,113.10643,31.016443,C9,1
460-00-578082-130,112.18817,31.040907,C9,1
460-00-642521-1,111.43467,30.56245,C9,1
460-00-184412-91,113.35816,31.67243,C9,1
460-00-571303-66,111.44828,30.392252,C9,1
460-00-184412-75,113.35816,31.67243,C9,1
460-00-443480-4,113.75391,30.42663,C9,1
460-00-571294-67,111.444175,30.386304,C9,1
460-00-578628-133,113.32128,31.83284,C9,1
460-00-568471-66,112.24625,32.00394,C9,1
460-00-578628-136,113.320625,31.832209,C9,1
460-00-454641-1,112.30873,31.410086,C9,1
460-00-184412-78,113.35816,31.67243,C9,1
460-00-578628-145,113.320625,31.832209,C9,1
460-00-578628-141,113.320625,31.832209,C9,1
460-00-454569-7,112.30875,31.41003,C9,1
460-00-184412-68,113.35816,31.67243,C9,1
460-00-443480-2,113.75391,30.42663,C9,1
460-00-39169-194,111.451509,30.389609,C9,1
460-00-578628-132,113.320625,31.832209,C9,1
460-00-184409-90,113.35941,31.67221,C9,1
460-00-121879-66,111.453468,30.393761,C9,1
460-00-454641-2,112.30873,31.410086,C9,1
460-00-568336-96,112.25153,31.997662,C9,1
460-00-454362-1,113.112137,31.02808,C9,1
460-00-454641-5,112.30873,31.410086,C9,1
460-00-39169-193,111.451509,30.389609,C9,1
460-00-571303-65,111.44833,30.392248,C9,1
460-00-184412-96,113.35816,31.67243,C9,1
460-00-443480-6,113.75391,30.42663,C9,1
460-00-571294-66,111.444175,30.386304,C9,1
460-00-568471-65,112.24625,32.00394,C9,1
460-00-571294-65,111.444175,30.386304,C9,1
